Alabama,Autauga,1001,7.2
Alabama,Baldwin,1003,7.2
Alabama,Barbour,1005,12.5
Alabama,Bibb,1007,8.5
Alabama,Blount,1009,6.9
Alabama,Bullock,1011,14.1
Alabama,Butler,1013,12.1
Alabama,Calhoun,1015,8.6
Alabama,Chambers,1017,11.9
Alabama,Cherokee,1019,8
Alabama,Chilton,1021,7.7
Alabama,Choctaw,1023,10.3
Alabama,Clarke,1025,13.4
Alabama,Clay,1027,10
Alabama,Cleburne,1029,7.8
Alabama,Coffee,1031,7
Alabama,Colbert,1033,8.8
Alabama,Conecuh,1035,12.7
Alabama,Coosa,1037,9
Alabama,Covington,1039,8.1
Alabama,Crenshaw,1041,7.8
Alabama,Cullman,1043,7.1
Alabama,Dale,1045,8.2
Alabama,Dallas,1047,15.2
Alabama,De Kalb,1049,9.2
Alabama,Elmore,1051,7.6
Alabama,Escambia,1053,10
Alabama,Etowah,1055,8.1
Alabama,Fayette,1057,8.8
Alabama,Franklin,1059,9.1
Alabama,Geneva,1061,7.7
Alabama,Greene,1063,11.9
Alabama,Hale,1065,10.3
Alabama,Henry,1067,8.7
Alabama,Houston,1069,7.8
Alabama,Jackson,1071,8
Alabama,Jefferson,1073,7.7
Alabama,Lamar,1075,8.6
Alabama,Lauderdale,1077,7.6
Alabama,Lawrence,1079,8.7
Alabama,Lee,1081,7.6
Alabama,Limestone,1083,6.9
Alabama,Lowndes,1085,15.7
Alabama,Macon,1087,11.6
Alabama,Madison,1089,7.2
Alabama,Marengo,1091,10.5
Alabama,Marion,1093,10.3
Alabama,Marshall,1095,7.9
Alabama,Mobile,1097,9.5
Alabama,Monroe,1099,13.3
Alabama,Montgomery,1101,8.9
Alabama,Morgan,1103,7.9
Alabama,Perry,1105,14.6
Alabama,Pickens,1107,10.2
Alabama,Pike,1109,8.1
Alabama,Randolph,1111,10.6
Alabama,Russell,1113,9.9
Alabama,St Clair,1115,7.2
Alabama,Shelby,1117,5.6
Alabama,Sumter,1119,13.4
Alabama,Talladega,1121,9
Alabama,Tallapoosa,1123,9.8
Alabama,Tuscaloosa,1125,7.8
Alabama,Walker,1127,8.5
Alabama,Washington,1129,12.9
Alabama,Wilcox,1131,17.5
Alabama,Winston,1133,10.5
Alaska,Aleutians East,2013,13.6
Alaska,Aleutians West,2016,8.4
Alaska,Anchorage,2020,6.1
Alaska,Bethel,2050,17.2
Alaska,Bristol Bay,2060,2.3
Alaska,Denali,2068,4.7
Alaska,Dillingham,2070,9
Alaska,Fairbanks North Star,2090,6.6
Alaska,Haines,2100,6.8
Alaska,Juneau,2110,5
Alaska,Kenai Peninsula,2122,8.1
Alaska,Ketchikan Gateway,2130,6.3
Alaska,Kodiak Island,2150,6.8
Alaska,Lake and Peninsula,2164,6.7
Alaska,Matanuska Susitna,2170,8.4
Alaska,Nome,2180,13.5
Alaska,North Slope,2185,6.4
Alaska,Northwest Arctic,2188,16.6
Alaska,Sitka,2220,6
Alaska,Southeast Fairbanks,2240,11.6
Alaska,Valdez Cordova,2261,7.2
Alaska,Wade Hampton,2270,26
Alaska,Yakutat,2282,9
Alaska,Yukon Koyukuk,2290,14.8
Arizona,Apache,4001,20.3
Arizona,Cochise,4003,8.5
Arizona,Coconino,4005,8.2
Arizona,Gila,4007,9.5
Arizona,Graham,4009,9.2
Arizona,Greenlee,4011,6.3
Arizona,La Paz,4012,9.3
Arizona,Maricopa,4013,7.5
Arizona,Mohave,4015,10
Arizona,Navajo,4017,15.2
Arizona,Pima,4019,7.7
Arizona,Pinal,4021,9.4
Arizona,Santa Cruz,4023,16.2
Arizona,Yavapai,4025,8.7
Arizona,Yuma,4027,28.4
Arkansas,Arkansas,5001,7.3
Arkansas,Ashley,5003,12.9
Arkansas,Baxter,5005,7.8
Arkansas,Benton,5007,5.9
Arkansas,Boone,5009,7.2
Arkansas,Bradley,5011,10.7
Arkansas,Calhoun,5013,9.1
Arkansas,Carroll,5015,5.2
Arkansas,Chicot,5017,10.2
Arkansas,Clark,5019,10.1
Arkansas,Clay,5021,12
Arkansas,Cleburne,5023,7.2
Arkansas,Cleveland,5025,6.4
Arkansas,Columbia,5027,9.3
Arkansas,Conway,5029,7.9
Arkansas,Craighead,5031,7.2
Arkansas,Crawford,5033,7.7
Arkansas,Crittenden,5035,11.3
Arkansas,Cross,5037,8.3
Arkansas,Dallas,5039,10.8
Arkansas,Desha,5041,10.6
Arkansas,Drew,5043,11.5
Arkansas,Faulkner,5045,6.7
Arkansas,Franklin,5047,7.2
Arkansas,Fulton,5049,7.3
Arkansas,Garland,5051,7.7
Arkansas,Grant,5053,6.7
Arkansas,Greene,5055,8.8
Arkansas,Hempstead,5057,7.3
Arkansas,Hot Spring,5059,6.7
Arkansas,Howard,5061,7
Arkansas,Independence,5063,8.9
Arkansas,Izard,5065,8.8
Arkansas,Jackson,5067,9.4
Arkansas,Jefferson,5069,9.9
Arkansas,Johnson,5071,7.4
Arkansas,Lafayette,5073,10.4
Arkansas,Lawrence,5075,9.9
Arkansas,Lee,5077,11.8
Arkansas,Lincoln,5079,9.1
Arkansas,Little River,5081,7
Arkansas,Logan,5083,8
Arkansas,Lonoke,5085,6.3
Arkansas,Madison,5087,5.6
Arkansas,Marion,5089,8
Arkansas,Miller,5091,6.6
Arkansas,Mississippi,5093,11.6
Arkansas,Monroe,5095,8.4
Arkansas,Nevada,5099,6.5
Arkansas,Newton,5101,7.7
Arkansas,Ouachita,5103,9.5
Arkansas,Perry,5105,7.8
Arkansas,Phillips,5107,11.3
Arkansas,Pike,5109,9.2
Arkansas,Poinsett,5111,7.5
Arkansas,Polk,5113,7.9
Arkansas,Pope,5115,7.8
Arkansas,Prairie,5117,7.8
Arkansas,Pulaski,5119,7
Arkansas,Randolph,5121,10.1
Arkansas,St Francis,5123,11.7
Arkansas,Saline,5125,6.3
Arkansas,Scott,5127,6.8
Arkansas,Searcy,5129,8.1
Arkansas,Sebastian,5131,6.9
Arkansas,Sevier,5133,8.1
Arkansas,Sharp,5135,9.8
Arkansas,Stone,5137,10
Arkansas,Union,5139,8.9
Arkansas,Van Buren,5141,9
Arkansas,Washington,5143,5.8
Arkansas,White,5145,8.2
Arkansas,Woodruff,5147,11.5
Arkansas,Yell,5149,6.7
California,Alameda,6001,9.4
California,Alpine,6003,17
California,Amador,6005,11.7
California,Butte,6007,12.8
California,Calaveras,6009,12.9
California,Colusa,6011,17.6
California,Contra Costa,6013,9.4
California,Del Norte,6015,13.5
California,El Dorado,6017,10.6
California,Fresno,6019,15.1
California,Glenn,6021,14.8
California,Humboldt,6023,10.7
California,Imperial,6025,29
California,Inyo,6027,9.3
California,Kern,6029,13.5
California,Kings,6031,15.6
California,Lake,6033,14.5
California,Lassen,6035,12.6
California,Los Angeles,6037,11.1
California,Madera,6039,13.9
California,Marin,6041,6.7
California,Mariposa,6043,9.5
California,Mendocino,6045,9.5
California,Merced,6047,17.3
California,Modoc,6049,12.1
California,Mono,6051,12.1
California,Monterey,6053,9.9
California,Napa,6055,7.7
California,Nevada,6057,9.7
California,Orange,6059,8
California,Placer,6061,9.9
California,Plumas,6063,12.9
California,Riverside,6065,12.7
California,Sacramento,6067,10.9
California,San Benito,6069,12.8
California,San Bernardino,6071,12.8
California,San Diego,6073,9.3
California,San Francisco,6075,7.7
California,San Joaquin,6077,15
California,San Luis Obispo,6079,8.5
California,San Mateo,6081,7
California,Santa Barbara,6083,8
California,Santa Clara,6085,8.8
California,Santa Cruz,6087,10.3
California,Shasta,6089,13.3
California,Sierra,6091,13.3
California,Siskiyou,6093,14.1
California,Solano,6095,10.5
California,Sonoma,6097,8.9
California,Stanislaus,6099,15.5
California,Sutter,6101,17.4
California,Tehama,6103,14.2
California,Trinity,6105,14.9
California,Tulare,6107,15.4
California,Tuolumne,6109,11.4
California,Ventura,6111,9.2
California,Yolo,6113,10.8
California,Yuba,6115,17.2
Colorado,Adams,8001,9.5
Colorado,Alamosa,8003,9.6
Colorado,Arapahoe,8005,8.3
Colorado,Archuleta,8007,8.9
Colorado,Baca,8009,3.5
Colorado,Bent,8011,7.6
Colorado,Boulder,8013,6.6
Colorado,Broomfield,8014,7.7
Colorado,Chaffee,8015,6.6
Colorado,Cheyenne,8017,3.5
Colorado,Clear Creek,8019,8.2
Colorado,Conejos,8021,10.6
Colorado,Costilla,8023,13.7
Colorado,Crowley,8025,10.5
Colorado,Custer,8027,6.4
Colorado,Delta,8029,8.5
Colorado,Denver,8031,8.8
Colorado,Dolores,8033,9.7
Colorado,Douglas,8035,7
Colorado,Eagle,8037,9.1
Colorado,Elbert,8039,7.5
Colorado,El Paso,8041,9.9
Colorado,Fremont,8043,10.4
Colorado,Garfield,8045,8.2
Colorado,Gilpin,8047,6.3
Colorado,Grand,8049,8
Colorado,Gunnison,8051,6.9
Colorado,Hinsdale,8053,3.2
Colorado,Huerfano,8055,11.8
Colorado,Jackson,8057,3.2
Colorado,Jefferson,8059,7.9
Colorado,Kiowa,8061,3.8
Colorado,Kit Carson,8063,4.4
Colorado,Lake,8065,11.8
Colorado,La Plata,8067,6.9
Colorado,Larimer,8069,6.7
Colorado,Las Animas,8071,11.2
Colorado,Lincoln,8073,5.3
Colorado,Logan,8075,7
Colorado,Mesa,8077,9.7
Colorado,Mineral,8079,4.1
Colorado,Moffat,8081,7.9
Colorado,Montezuma,8083,8.7
Colorado,Montrose,8085,10.5
Colorado,Morgan,8087,6.9
Colorado,Otero,8089,9.7
Colorado,Ouray,8091,6.4
Colorado,Park,8093,7.9
Colorado,Phillips,8095,4.7
Colorado,Pitkin,8097,8.1
Colorado,Prowers,8099,6.7
Colorado,Pueblo,8101,11.3
Colorado,Rio Blanco,8103,5.7
Colorado,Rio Grande,8105,9.4
Colorado,Routt,8107,7.7
Colorado,Saguache,8109,10.7
Colorado,San Juan,8111,6.9
Colorado,San Miguel,8113,8.2
Colorado,Sedgwick,8115,4.4
Colorado,Summit,8117,8.7
Colorado,Teller,8119,8.8
Colorado,Washington,8121,4.3
Colorado,Weld,8123,9.2
Colorado,Yuma,8125,3.9
Connecticut,Fairfield,9001,7.9
Connecticut,Hartford,9003,9.2
Connecticut,Litchfield,9005,8
Connecticut,Middlesex,9007,7.4
Connecticut,New Haven,9009,9.5
Connecticut,New London,9011,8.8
Connecticut,Tolland,9013,7.7
Connecticut,Windham,9015,10.2
Delaware,Kent,10001,8
Delaware,New Castle,10003,7.6
Delaware,Sussex,10005,6.4
Florida,Alachua,12001,7.3
Florida,Baker,12003,7.7
Florida,Bay,12005,8
Florida,Bradford,12007,7.5
Florida,Brevard,12009,9.5
Florida,Broward,12011,7.8
Florida,Calhoun,12013,8.6
Florida,Charlotte,12015,9
Florida,Citrus,12017,10.2
Florida,Clay,12019,8
Florida,Collier,12021,9
Florida,Columbia,12023,8.5
Florida,De Soto,12027,9.6
Florida,Dixie,12029,11.3
Florida,Duval,12031,9.4
Florida,Escambia,12033,8.7
Florida,Flagler,12035,11.9
Florida,Franklin,12037,6.6
Florida,Gadsden,12039,9
Florida,Gilchrist,12041,8.6
Florida,Glades,12043,9.9
Florida,Gulf,12045,8.4
Florida,Hamilton,12047,10.9
Florida,Hardee,12049,9.5
Florida,Hendry,12051,15.3
Florida,Hernando,12053,11.4
Florida,Highlands,12055,9.7
Florida,Hillsborough,12057,8.9
Florida,Holmes,12059,7.7
Florida,Indian River,12061,11.5
Florida,Jackson,12063,7.6
Florida,Jefferson,12065,7.9
Florida,Lafayette,12067,7.9
Florida,Lake,12069,9.4
Florida,Lee,12071,9.4
Florida,Leon,12073,8
Florida,Levy,12075,10.1
Florida,Liberty,12077,7.6
Florida,Madison,12079,10.6
Florida,Manatee,12081,9
Florida,Marion,12083,10.3
Florida,Martin,12085,9
Florida,Miami-Dade,12086,10.1
Florida,Monroe,12087,5
Florida,Nassau,12089,7.5
Florida,Okaloosa,12091,6.3
Florida,Okeechobee,12093,10.9
Florida,Orange,12095,8.7
Florida,Osceola,12097,9.5
Florida,Palm Beach,12099,9.2
Florida,Pasco,12101,10.2
Florida,Pinellas,12103,8.8
Florida,Polk,12105,10.3
Florida,Putnam,12107,11.6
Florida,St Johns,12109,6.9
Florida,St Lucie,12111,11.8
Florida,Santa Rosa,12113,8.3
Florida,Sarasota,12115,8.7
Florida,Seminole,12117,8.3
Florida,Sumter,12119,7.5
Florida,Suwannee,12121,8.1
Florida,Taylor,12123,9.4
Florida,Union,12125,7.8
Florida,Volusia,12127,9.1
Florida,Wakulla,12129,7.5
Florida,Walton,12131,5.3
Florida,Washington,12133,10
Georgia,Appling,13001,11.2
Georgia,Atkinson,13003,14.1
Georgia,Bacon,13005,10.3
Georgia,Baker,13007,9.8
Georgia,Baldwin,13009,12.2
Georgia,Banks,13011,6.9
Georgia,Barrow,13013,8.7
Georgia,Bartow,13015,9.4
Georgia,Ben Hill,13017,13.5
Georgia,Berrien,13019,10.6
Georgia,Bibb,13021,10.4
Georgia,Bleckley,13023,14.3
Georgia,Brantley,13025,11.6
Georgia,Brooks,13027,8.4
Georgia,Bryan,13029,7.9
Georgia,Bulloch,13031,11.5
Georgia,Burke,13033,12.5
Georgia,Butts,13035,11.1
Georgia,Calhoun,13037,11.4
Georgia,Camden,13039,9.4
Georgia,Candler,13043,10.8
Georgia,Carroll,13045,10.3
Georgia,Catoosa,13047,7.3
Georgia,Charlton,13049,12.1
Georgia,Chatham,13051,9.1
Georgia,Chattahoochee,13053,20.2
Georgia,Chattooga,13055,10.8
Georgia,Cherokee,13057,7.5
Georgia,Clarke,13059,7.9
Georgia,Clay,13061,9.9
Georgia,Clayton,13063,11.6
Georgia,Clinch,13065,11
Georgia,Cobb,13067,8.6
Georgia,Coffee,13069,13.5
Georgia,Colquitt,13071,9.5
Georgia,Columbia,13073,7.5
Georgia,Cook,13075,11.4
Georgia,Coweta,13077,9.1
Georgia,Crawford,13079,10.5
Georgia,Crisp,13081,12.3
Georgia,Dade,13083,8.4
Georgia,Dawson,13085,8.3
Georgia,Decatur,13087,11.4
Georgia,De Kalb,13089,9.5
Georgia,Dodge,13091,12.3
Georgia,Dooly,13093,13.3
Georgia,Dougherty,13095,11.3
Georgia,Douglas,13097,9.7
Georgia,Early,13099,8.8
Georgia,Echols,13101,8.3
Georgia,Effingham,13103,8
Georgia,Elbert,13105,12.1
Georgia,Emanuel,13107,12.1
Georgia,Evans,13109,9.1
Georgia,Fannin,13111,10
Georgia,Fayette,13113,8.5
Georgia,Floyd,13115,10.3
Georgia,Forsyth,13117,7.1
Georgia,Franklin,13119,11.3
Georgia,Fulton,13121,10.2
Georgia,Gilmer,13123,10.4
Georgia,Glascock,13125,11.9
Georgia,Glynn,13127,9.7
Georgia,Gordon,13129,10.5
Georgia,Grady,13131,7.9
Georgia,Greene,13133,9.8
Georgia,Gwinnett,13135,8.3
Georgia,Habersham,13137,9.2
Georgia,Hall,13139,7.9
Georgia,Hancock,13141,17.5
Georgia,Haralson,13143,10.5
Georgia,Harris,13145,8.1
Georgia,Hart,13147,11.2
Georgia,Heard,13149,11.9
Georgia,Henry,13151,9.4
Georgia,Houston,13153,8.1
Georgia,Irwin,13155,11.7
Georgia,Jackson,13157,9.1
Georgia,Jasper,13159,9.7
Georgia,Jeff Davis,13161,14.9
Georgia,Jefferson,13163,14.9
Georgia,Jenkins,13165,18.7
Georgia,Johnson,13167,12.8
Georgia,Jones,13169,8.8
Georgia,Lamar,13171,10.8
Georgia,Lanier,13173,8.2
Georgia,Laurens,13175,12.4
Georgia,Lee,13177,7.5
Georgia,Liberty,13179,10.3
Georgia,Lincoln,13181,10.6
Georgia,Long,13183,7.5
Georgia,Lowndes,13185,9.3
Georgia,Lumpkin,13187,10.1
Georgia,McDuffie,13189,10.9
Georgia,McIntosh,13191,11.6
Georgia,Macon,13193,15.1
Georgia,Madison,13195,7.4
Georgia,Marion,13197,8
Georgia,Meriwether,13199,14.9
Georgia,Miller,13201,6.8
Georgia,Mitchell,13205,9.5
Georgia,Monroe,13207,8.3
Georgia,Montgomery,13209,10
Georgia,Morgan,13211,8.3
Georgia,Murray,13213,11.9
Georgia,Muscogee,13215,9.8
Georgia,Newton,13217,10.8
Georgia,Oconee,13219,5.9
Georgia,Oglethorpe,13221,6.8
Georgia,Paulding,13223,8.8
Georgia,Peach,13225,11.6
Georgia,Pickens,13227,8.3
Georgia,Pierce,13229,10
Georgia,Pike,13231,8.9
Georgia,Polk,13233,9.2
Georgia,Pulaski,13235,9.7
Georgia,Putnam,13237,10.4
Georgia,Quitman,13239,12
Georgia,Rabun,13241,12.3
Georgia,Randolph,13243,14.7
Georgia,Richmond,13245,11.5
Georgia,Rockdale,13247,10.7
Georgia,Schley,13249,12.1
Georgia,Screven,13251,12.4
Georgia,Seminole,13253,10
Georgia,Spalding,13255,11.4
Georgia,Stephens,13257,9.5
Georgia,Stewart,13259,11.8
Georgia,Sumter,13261,13.4
Georgia,Talbot,13263,10.5
Georgia,Taliaferro,13265,11
Georgia,Tattnall,13267,10.4
Georgia,Taylor,13269,13.8
Georgia,Telfair,13271,16.4
Georgia,Terrell,13273,10.9
Georgia,Thomas,13275,8.4
Georgia,Tift,13277,10.7
Georgia,Toombs,13279,11
Georgia,Towns,13281,8.8
Georgia,Treutlen,13283,14.2
Georgia,Troup,13285,12.3
Georgia,Turner,13287,9.9
Georgia,Twiggs,13289,12.2
Georgia,Union,13291,7.7
Georgia,Upson,13293,11.5
Georgia,Walker,13295,8.2
Georgia,Walton,13297,9
Georgia,Ware,13299,11.3
Georgia,Warren,13301,16.2
Georgia,Washington,13303,11.8
Georgia,Wayne,13305,12.1
Georgia,Webster,13307,8.5
Georgia,Wheeler,13309,10.5
Georgia,White,13311,9.3
Georgia,Whitfield,13313,11.9
Georgia,Wilcox,13315,12.3
Georgia,Wilkes,13317,11.2
Georgia,Wilkinson,13319,10
Georgia,Worth,13321,9.5
Hawaii,Hawaii,15001,9.6
Hawaii,Honolulu,15003,6
Hawaii,Kauai,15007,8.4
Hawaii,Maui,15009,7.2
Idaho,Ada,16001,6.3
Idaho,Adams,16003,11.7
Idaho,Bannock,16005,7.2
Idaho,Bear Lake,16007,4.3
Idaho,Benewah,16009,10.6
Idaho,Bingham,16011,6.1
Idaho,Blaine,16013,6.4
Idaho,Boise,16015,6.7
Idaho,Bonner,16017,9.1
Idaho,Bonneville,16019,5.9
Idaho,Boundary,16021,8.8
Idaho,Butte,16023,6.6
Idaho,Camas,16025,6.4
Idaho,Canyon,16027,8.5
Idaho,Caribou,16029,5
Idaho,Cassia,16031,5.7
Idaho,Clark,16033,5.8
Idaho,Clearwater,16035,11.7
Idaho,Custer,16037,4.8
Idaho,Elmore,16039,7.5
Idaho,Franklin,16041,4.6
Idaho,Fremont,16043,5.4
Idaho,Gem,16045,9
Idaho,Gooding,16047,5
Idaho,Idaho,16049,8
Idaho,Jefferson,16051,6
Idaho,Jerome,16053,6.3
Idaho,Kootenai,16055,7.8
Idaho,Latah,16057,6.9
Idaho,Lemhi,16059,8.1
Idaho,Lewis,16061,7.5
Idaho,Lincoln,16063,8.1
Idaho,Madison,16065,6
Idaho,Minidoka,16067,5.7
Idaho,Nez Perce,16069,5.8
Idaho,Oneida,16071,3.9
Idaho,Owyhee,16073,4.7
Idaho,Payette,16075,8.3
Idaho,Power,16077,7.3
Idaho,Shoshone,16079,10.5
Idaho,Teton,16081,5.1
Idaho,Twin Falls,16083,6.5
Idaho,Valley,16085,10
Idaho,Washington,16087,8.6
Illinois,Adams,17001,6.5
Illinois,Alexander,17003,11.4
Illinois,Bond,17005,8.7
Illinois,Boone,17007,11.7
Illinois,Brown,17009,4.4
Illinois,Bureau,17011,9.2
Illinois,Calhoun,17013,8
Illinois,Carroll,17015,9.2
Illinois,Cass,17017,8.2
Illinois,Champaign,17019,9.2
Illinois,Christian,17021,9.1
Illinois,Clark,17023,10.1
Illinois,Clay,17025,10.4
Illinois,Clinton,17027,7.2
Illinois,Coles,17029,10.6
Illinois,Cook,17031,9.9
Illinois,Crawford,17033,8.3
Illinois,Cumberland,17035,9.2
Illinois,De Kalb,17037,9.3
Illinois,Dewitt,17039,8.1
Illinois,Douglas,17041,8.1
Illinois,Du Page,17043,8.1
Illinois,Edgar,17045,9.4
Illinois,Edwards,17047,8.4
Illinois,Effingham,17049,7.2
Illinois,Fayette,17051,10.5
Illinois,Ford,17053,8.9
Illinois,Franklin,17055,11
Illinois,Fulton,17057,9.9
Illinois,Gallatin,17059,9
Illinois,Greene,17061,9.1
Illinois,Grundy,17063,11
Illinois,Hamilton,17065,8.3
Illinois,Hancock,17067,9
Illinois,Hardin,17069,11.1
Illinois,Henderson,17071,7
Illinois,Henry,17073,7.4
Illinois,Iroquois,17075,8.1
Illinois,Jackson,17077,8.8
Illinois,Jasper,17079,8.2
Illinois,Jefferson,17081,8.6
Illinois,Jersey,17083,8.8
Illinois,Jo Daviess,17085,7
Illinois,Johnson,17087,10.9
Illinois,Kane,17089,9.3
Illinois,Kankakee,17091,11
Illinois,Kendall,17093,8.7
Illinois,Knox,17095,8.4
Illinois,Lake,17097,8.7
Illinois,La Salle,17099,11.2
Illinois,Lawrence,17101,8.8
Illinois,Lee,17103,9.6
Illinois,Livingston,17105,8.6
Illinois,Logan,17107,8.5
Illinois,McDonough,17109,9.4
Illinois,McHenry,17111,8.8
Illinois,Mclean,17113,7.6
Illinois,Macon,17115,10.9
Illinois,Macoupin,17117,8.9
Illinois,Madison,17119,8.6
Illinois,Marion,17121,10.9
Illinois,Marshall,17123,7.5
Illinois,Mason,17125,10.9
Illinois,Massac,17127,9.8
Illinois,Menard,17129,7.3
Illinois,Mercer,17131,7.1
Illinois,Monroe,17133,7.1
Illinois,Montgomery,17135,11.5
Illinois,Morgan,17137,8.6
Illinois,Moultrie,17139,7.6
Illinois,Ogle,17141,10.8
Illinois,Peoria,17143,8.4
Illinois,Perry,17145,11.9
Illinois,Piatt,17147,8.3
Illinois,Pike,17149,7.8
Illinois,Pope,17151,11
Illinois,Pulaski,17153,11.4
Illinois,Putnam,17155,9.3
Illinois,Randolph,17157,9.2
Illinois,Richland,17159,9.5
Illinois,Rock Island,17161,7.6
Illinois,St Clair,17163,9.9
Illinois,Saline,17165,9.2
Illinois,Sangamon,17167,7.8
Illinois,Schuyler,17169,7.2
Illinois,Scott,17171,8.7
Illinois,Shelby,17173,9
Illinois,Stark,17175,8.8
Illinois,Stephenson,17177,9.5
Illinois,Tazewell,17179,7.6
Illinois,Union,17181,11.1
Illinois,Vermilion,17183,10
Illinois,Wabash,17185,8.7
Illinois,Warren,17187,8.5
Illinois,Washington,17189,7.5
Illinois,Wayne,17191,8.6
Illinois,White,17193,8.3
Illinois,Whiteside,17195,9.8
Illinois,Will,17197,9.8
Illinois,Williamson,17199,8.6
Illinois,Winnebago,17201,11.5
Illinois,Woodford,17203,6.4
Indiana,Adams,18001,8.2
Indiana,Allen,18003,8.3
Indiana,Bartholomew,18005,6.5
Indiana,Benton,18007,8.1
Indiana,Blackford,18009,10.6
Indiana,Boone,18011,6.4
Indiana,Brown,18013,6.9
Indiana,Carroll,18015,7.6
Indiana,Cass,18017,8.9
Indiana,Clark,18019,7.2
Indiana,Clay,18021,10
Indiana,Clinton,18023,8.1
Indiana,Crawford,18025,9.6
Indiana,Daviess,18027,6.5
Indiana,Dearborn,18029,8
Indiana,Decatur,18031,8.4
Indiana,De Kalb,18033,8.7
Indiana,Delaware,18035,10.4
Indiana,Dubois,18037,6
Indiana,Elkhart,18039,9.3
Indiana,Fayette,18041,11.7
Indiana,Floyd,18043,7.1
Indiana,Fountain,18045,8.7
Indiana,Franklin,18047,7.5
Indiana,Fulton,18049,8.4
Indiana,Gibson,18051,7.5
Indiana,Grant,18053,10.3
Indiana,Greene,18055,9.2
Indiana,Hamilton,18057,6.1
Indiana,Hancock,18059,7
Indiana,Harrison,18061,6.9
Indiana,Hendricks,18063,6.7
Indiana,Henry,18065,9.8
Indiana,Howard,18067,9.3
Indiana,Huntington,18069,8.4
Indiana,Jackson,18071,7.2
Indiana,Jasper,18073,8.5
Indiana,Jay,18075,7.6
Indiana,Jefferson,18077,8.5
Indiana,Jennings,18079,9.9
Indiana,Johnson,18081,7.2
Indiana,Knox,18083,7.5
Indiana,Kosciusko,18085,7.4
Indiana,Lagrange,18087,7.8
Indiana,Lake,18089,9.5
Indiana,La Porte,18091,9.6
Indiana,Lawrence,18093,10.5
Indiana,Madison,18095,9.7
Indiana,Marion,18097,8.9
Indiana,Marshall,18099,8.4
Indiana,Martin,18101,7.1
Indiana,Miami,18103,10
Indiana,Monroe,18105,8
Indiana,Montgomery,18107,8.7
Indiana,Morgan,18109,7.8
Indiana,Newton,18111,9.6
Indiana,Noble,18113,9
Indiana,Ohio,18115,8.2
Indiana,Orange,18117,9.7
Indiana,Owen,18119,9.6
Indiana,Parke,18121,9.5
Indiana,Perry,18123,7.6
Indiana,Pike,18125,7.9
Indiana,Porter,18127,7.7
Indiana,Posey,18129,8
Indiana,Pulaski,18131,7.1
Indiana,Putnam,18133,10
Indiana,Randolph,18135,9.4
Indiana,Ripley,18137,9.3
Indiana,Rush,18139,7.9
Indiana,St Joseph,18141,9.7
Indiana,Scott,18143,9.6
Indiana,Shelby,18145,7.5
Indiana,Spencer,18147,7.5
Indiana,Starke,18149,10.1
Indiana,Steuben,18151,8.7
Indiana,Sullivan,18153,10.7
Indiana,Switzerland,18155,7.3
Indiana,Tippecanoe,18157,8.3
Indiana,Tipton,18159,9.1
Indiana,Union,18161,8.9
Indiana,Vanderburgh,18163,8
Indiana,Vermillion,18165,10.8
Indiana,Vigo,18167,10.9
Indiana,Wabash,18169,8.9
Indiana,Warren,18171,6.4
Indiana,Warrick,18173,7
Indiana,Washington,18175,7.7
Indiana,Wayne,18177,10.6
Indiana,Wells,18179,7.3
Indiana,White,18181,8
Indiana,Whitley,18183,7.8
Iowa,Adair,19001,4.4
Iowa,Adams,19003,5
Iowa,Allamakee,19005,6.2
Iowa,Appanoose,19007,6.6
Iowa,Audubon,19009,5
Iowa,Benton,19011,5.1
Iowa,Black Hawk,19013,5.6
Iowa,Boone,19015,4.4
Iowa,Bremer,19017,4
Iowa,Buchanan,19019,4.7
Iowa,Buena Vista,19021,5
Iowa,Butler,19023,4.1
Iowa,Calhoun,19025,4.7
Iowa,Carroll,19027,3.8
Iowa,Cass,19029,4.8
Iowa,Cedar,19031,4.2
Iowa,Cerro Gordo,19033,5.6
Iowa,Cherokee,19035,4.8
Iowa,Chickasaw,19037,4.8
Iowa,Clarke,19039,6
Iowa,Clay,19041,5.3
Iowa,Clayton,19043,5.3
Iowa,Clinton,19045,6.1
Iowa,Crawford,19047,4.2
Iowa,Dallas,19049,4.7
Iowa,Davis,19051,6
Iowa,Decatur,19053,4.9
Iowa,Delaware,19055,4
Iowa,Des Moines,19057,6.3
Iowa,Dickinson,19059,5
Iowa,Dubuque,19061,4.8
Iowa,Emmet,19063,4.8
Iowa,Fayette,19065,5.6
Iowa,Floyd,19067,6.2
Iowa,Franklin,19069,4.3
Iowa,Fremont,19071,5.8
Iowa,Greene,19073,5.2
Iowa,Grundy,19075,3.9
Iowa,Guthrie,19077,5.5
Iowa,Hamilton,19079,7.5
Iowa,Hancock,19081,5
Iowa,Hardin,19083,5.1
Iowa,Harrison,19085,4.5
Iowa,Henry,19087,6.8
Iowa,Howard,19089,4.8
Iowa,Humboldt,19091,4.3
Iowa,Ida,19093,3.8
Iowa,Iowa,19095,5
Iowa,Jackson,19097,5.4
Iowa,Jasper,19099,6.9
Iowa,Jefferson,19101,6.2
Iowa,Johnson,19103,4.2
Iowa,Jones,19105,5.4
Iowa,Keokuk,19107,5.5
Iowa,Kossuth,19109,3.7
Iowa,Lee,19111,7.2
Iowa,Linn,19113,5.4
Iowa,Louisa,19115,5.4
Iowa,Lucas,19117,4.4
Iowa,Lyon,19119,2.9
Iowa,Madison,19121,5.3
Iowa,Mahaska,19123,5.5
Iowa,Marion,19125,5.1
Iowa,Marshall,19127,6.4
Iowa,Mills,19129,3.7
Iowa,Mitchell,19131,4.8
Iowa,Monona,19133,7
Iowa,Monroe,19135,5.2
Iowa,Montgomery,19137,5.4
Iowa,Muscatine,19139,5.4
Iowa,Obrien,19141,4.2
Iowa,Osceola,19143,4.9
Iowa,Page,19145,5.2
Iowa,Palo Alto,19147,4.3
Iowa,Plymouth,19149,4
Iowa,Pocahontas,19151,4.2
Iowa,Polk,19153,5.5
Iowa,Pottawattamie,19155,4.7
Iowa,Poweshiek,19157,5.1
Iowa,Ringgold,19159,4.5
Iowa,Sac,19161,4.1
Iowa,Scott,19163,6.7
Iowa,Shelby,19165,3.5
Iowa,Sioux,19167,3.7
Iowa,Story,19169,4.6
Iowa,Tama,19171,6.1
Iowa,Taylor,19173,4.1
Iowa,Union,19175,6.2
Iowa,Van Buren,19177,5.8
Iowa,Wapello,19179,7.4
Iowa,Warren,19181,4.9
Iowa,Washington,19183,4.3
Iowa,Wayne,19185,4.7
Iowa,Webster,19187,7.5
Iowa,Winnebago,19189,5.6
Iowa,Winneshiek,19191,4.6
Iowa,Woodbury,19193,5.5
Iowa,Worth,19195,5.1
Iowa,Wright,19197,5.6
Kansas,Allen,20001,7.1
Kansas,Anderson,20003,6.6
Kansas,Atchison,20005,7.2
Kansas,Barber,20007,3.7
Kansas,Barton,20009,4.3
Kansas,Bourbon,20011,6.6
Kansas,Brown,20013,5.3
Kansas,Butler,20015,7
Kansas,Chase,20017,4.5
Kansas,Chautauqua,20019,5.9
Kansas,Cherokee,20021,8
Kansas,Cheyenne,20023,3.1
Kansas,Clark,20025,3.5
Kansas,Clay,20027,4.8
Kansas,Cloud,20029,4.1
Kansas,Coffey,20031,6.4
Kansas,Comanche,20033,3.8
Kansas,Cowley,20035,6.2
Kansas,Crawford,20037,6.9
Kansas,Decatur,20039,3.8
Kansas,Dickinson,20041,6.3
Kansas,Doniphan,20043,6
Kansas,Douglas,20045,6
Kansas,Edwards,20047,3.7
Kansas,Elk,20049,5.6
Kansas,Ellis,20051,3.6
Kansas,Ellsworth,20053,3.2
Kansas,Finney,20055,5.1
Kansas,Ford,20057,3.8
Kansas,Franklin,20059,7.9
Kansas,Geary,20061,7.3
Kansas,Gove,20063,2.5
Kansas,Graham,20065,3.1
Kansas,Grant,20067,3.8
Kansas,Gray,20069,3.2
Kansas,Greeley,20071,3.3
Kansas,Greenwood,20073,5.4
Kansas,Hamilton,20075,3.6
Kansas,Harper,20077,3.6
Kansas,Harvey,20079,5.8
Kansas,Haskell,20081,3.6
Kansas,Hodgeman,20083,3.6
Kansas,Jackson,20085,6.9
Kansas,Jefferson,20087,6.8
Kansas,Jewell,20089,3.1
Kansas,Johnson,20091,5.1
Kansas,Kearny,20093,3.9
Kansas,Kingman,20095,4.9
Kansas,Kiowa,20097,4
Kansas,Labette,20099,8.2
Kansas,Lane,20101,4.1
Kansas,Leavenworth,20103,6.7
Kansas,Lincoln,20105,4.8
Kansas,Linn,20107,7.5
Kansas,Logan,20109,2.8
Kansas,Lyon,20111,5.5
Kansas,McPherson,20113,4.4
Kansas,Marion,20115,5.3
Kansas,Marshall,20117,3.9
Kansas,Meade,20119,3.4
Kansas,Miami,20121,5.6
Kansas,Mitchell,20123,3.1
Kansas,Montgomery,20125,8.1
Kansas,Morris,20127,6.4
Kansas,Morton,20129,3.8
Kansas,Nemaha,20131,3.7
Kansas,Neosho,20133,7.3
Kansas,Ness,20135,2.8
Kansas,Norton,20137,3.8
Kansas,Osage,20139,6.9
Kansas,Osborne,20141,3.6
Kansas,Ottawa,20143,5.6
Kansas,Pawnee,20145,4.4
Kansas,Phillips,20147,4
Kansas,Pottawatomie,20149,5.4
Kansas,Pratt,20151,4
Kansas,Rawlins,20153,2.8
Kansas,Reno,20155,5.4
Kansas,Republic,20157,3.6
Kansas,Rice,20159,4.2
Kansas,Riley,20161,4.9
Kansas,Rooks,20163,4.4
Kansas,Rush,20165,4.7
Kansas,Russell,20167,4.3
Kansas,Saline,20169,6.9
Kansas,Scott,20171,2.7
Kansas,Sedgwick,20173,7.2
Kansas,Seward,20175,4.3
Kansas,Shawnee,20177,6.4
Kansas,Sheridan,20179,2.6
Kansas,Sherman,20181,3
Kansas,Smith,20183,3.9
Kansas,Stafford,20185,4.7
Kansas,Stanton,20187,3.1
Kansas,Stevens,20189,4.5
Kansas,Sumner,20191,6.7
Kansas,Thomas,20193,4.1
Kansas,Trego,20195,3.3
Kansas,Wabaunsee,20197,5.1
Kansas,Wallace,20199,3.9
Kansas,Washington,20201,4.2
Kansas,Wichita,20203,5.1
Kansas,Wilson,20205,8.6
Kansas,Woodson,20207,6.8
Kansas,Wyandotte,20209,8.6
Kentucky,Adair,21001,7.8
Kentucky,Allen,21003,8.9
Kentucky,Anderson,21005,7.3
Kentucky,Ballard,21007,9
Kentucky,Barren,21009,8.2
Kentucky,Bath,21011,9.9
Kentucky,Bell,21013,13.8
Kentucky,Boone,21015,7.4
Kentucky,Bourbon,21017,8.2
Kentucky,Boyd,21019,8.3
Kentucky,Boyle,21021,10
Kentucky,Bracken,21023,8.6
Kentucky,Breathitt,21025,13.1
Kentucky,Breckinridge,21027,8
Kentucky,Bullitt,21029,8.7
Kentucky,Butler,21031,8.7
Kentucky,Caldwell,21033,7.5
Kentucky,Calloway,21035,7.2
Kentucky,Campbell,21037,7.8
Kentucky,Carlisle,21039,7.6
Kentucky,Carroll,21041,9.6
Kentucky,Carter,21043,12.2
Kentucky,Casey,21045,7.9
Kentucky,Christian,21047,11.1
Kentucky,Clark,21049,8.3
Kentucky,Clay,21051,13.1
Kentucky,Clinton,21053,8.8
Kentucky,Crittenden,21055,8.6
Kentucky,Cumberland,21057,9.8
Kentucky,Daviess,21059,7
Kentucky,Edmonson,21061,8.8
Kentucky,Elliott,21063,11.4
Kentucky,Estill,21065,8.9
Kentucky,Fayette,21067,6.6
Kentucky,Fleming,21069,9.1
Kentucky,Floyd,21071,11
Kentucky,Franklin,21073,7
Kentucky,Fulton,21075,15.7
Kentucky,Gallatin,21077,9
Kentucky,Garrard,21079,9
Kentucky,Grant,21081,8.7
Kentucky,Graves,21083,8.7
Kentucky,Grayson,21085,10.2
Kentucky,Green,21087,8.4
Kentucky,Greenup,21089,8.6
Kentucky,Hancock,21091,7
Kentucky,Hardin,21093,8
Kentucky,Harlan,21095,14.2
Kentucky,Harrison,21097,7.8
Kentucky,Hart,21099,7.7
Kentucky,Henderson,21101,7.6
Kentucky,Henry,21103,8.4
Kentucky,Hickman,21105,9
Kentucky,Hopkins,21107,7.9
Kentucky,Jackson,21109,15.7
Kentucky,Jefferson,21111,9.1
Kentucky,Jessamine,21113,7.3
Kentucky,Johnson,21115,9.8
Kentucky,Kenton,21117,7.7
Kentucky,Knott,21119,14.2
Kentucky,Knox,21121,12.1
Kentucky,Larue,21123,7.7
Kentucky,Laurel,21125,9.7
Kentucky,Lawrence,21127,10.2
Kentucky,Lee,21129,13.9
Kentucky,Leslie,21131,14.9
Kentucky,Letcher,21133,14
Kentucky,Lewis,21135,12
Kentucky,Lincoln,21137,10.5
Kentucky,Livingston,21139,8.3
Kentucky,Logan,21141,7.5
Kentucky,Lyon,21143,8.6
Kentucky,McCracken,21145,8.1
Kentucky,McCreary,21147,13.5
Kentucky,Mclean,21149,8.9
Kentucky,Madison,21151,7.2
Kentucky,Magoffin,21153,17.8
Kentucky,Marion,21155,8
Kentucky,Marshall,21157,8.5
Kentucky,Martin,21159,10.4
Kentucky,Mason,21161,8.8
Kentucky,Meade,21163,9.9
Kentucky,Menifee,21165,12.2
Kentucky,Mercer,21167,8.3
Kentucky,Metcalfe,21169,7.7
Kentucky,Monroe,21171,7.4
Kentucky,Montgomery,21173,8.2
Kentucky,Morgan,21175,11.7
Kentucky,Muhlenberg,21177,10.4
Kentucky,Nelson,21179,8.7
Kentucky,Nicholas,21181,9.6
Kentucky,Ohio,21183,7.3
Kentucky,Oldham,21185,7.1
Kentucky,Owen,21187,7.2
Kentucky,Owsley,21189,12.1
Kentucky,Pendleton,21191,8.8
Kentucky,Perry,21193,13.1
Kentucky,Pike,21195,10.1
Kentucky,Powell,21197,10.1
Kentucky,Pulaski,21199,9.4
Kentucky,Robertson,21201,8
Kentucky,Rockcastle,21203,9
Kentucky,Rowan,21205,7.8
Kentucky,Russell,21207,8.1
Kentucky,Scott,21209,7.1
Kentucky,Shelby,21211,6.9
Kentucky,Simpson,21213,8.2
Kentucky,Spencer,21215,7.8
Kentucky,Taylor,21217,8.4
Kentucky,Todd,21219,7.9
Kentucky,Trigg,21221,8.9
Kentucky,Trimble,21223,8.8
Kentucky,Union,21225,7.1
Kentucky,Warren,21227,7.2
Kentucky,Washington,21229,8.7
Kentucky,Wayne,21231,12.2
Kentucky,Webster,21233,9.3
Kentucky,Whitley,21235,9.8
Kentucky,Wolfe,21237,13.5
Kentucky,Woodford,21239,5.9
Louisiana,Acadia,22001,6.8
Louisiana,Allen,22003,10.2
Louisiana,Ascension,22005,6.8
Louisiana,Assumption,22007,9.7
Louisiana,Avoyelles,22009,8.7
Louisiana,Beauregard,22011,8.4
Louisiana,Bienville,22013,8.8
Louisiana,Bossier,22015,6.3
Louisiana,Caddo,22017,8
Louisiana,Calcasieu,22019,7.1
Louisiana,Caldwell,22021,8.4
Louisiana,Cameron,22023,6.5
Louisiana,Catahoula,22025,9.8
Louisiana,Claiborne,22027,8.9
Louisiana,Concordia,22029,10.8
Louisiana,De Soto,22031,9.6
Louisiana,East Baton Rouge,22033,7.8
Louisiana,East Carroll,22035,19.1
Louisiana,East Feliciana,22037,8.7
Louisiana,Evangeline,22039,8.6
Louisiana,Franklin,22041,11
Louisiana,Grant,22043,8.8
Louisiana,Iberia,22045,6.8
Louisiana,Iberville,22047,10.9
Louisiana,Jackson,22049,7.4
Louisiana,Jefferson,22051,7.2
Louisiana,Jefferson Davis,22053,6.5
Louisiana,Lafayette,22055,5.5
Louisiana,Lafourche,22057,5.5
Louisiana,La Salle,22059,5.6
Louisiana,Lincoln,22061,10.7
Louisiana,Livingston,22063,7.2
Louisiana,Madison,22065,12
Louisiana,Morehouse,22067,12.9
Louisiana,Natchitoches,22069,9.5
Louisiana,Orleans,22071,9.4
Louisiana,Ouachita,22073,8.4
Louisiana,Plaquemines,22075,7.2
Louisiana,Pointe Coupee,22077,9.8
Louisiana,Rapides,22079,7.6
Louisiana,Red River,22081,8.6
Louisiana,Richland,22083,9.9
Louisiana,Sabine,22085,7.6
Louisiana,St Bernard,22087,8.5
Louisiana,St Charles,22089,7.6
Louisiana,St Helena,22091,12.8
Louisiana,St James,22093,11.1
Louisiana,St John The Baptist,22095,9.1
Louisiana,St Landry,22097,7.5
Louisiana,St Martin,22099,6.8
Louisiana,St Mary,22101,8.8
Louisiana,St Tammany,22103,6.3
Louisiana,Tangipahoa,22105,9.3
Louisiana,Tensas,22107,12.6
Louisiana,Terrebonne,22109,5.6
Louisiana,Union,22111,8
Louisiana,Vermilion,22113,6.4
Louisiana,Vernon,22115,7.5
Louisiana,Washington,22117,10.8
Louisiana,Webster,22119,8.2
Louisiana,West Baton Rouge,22121,8
Louisiana,West Carroll,22123,13.4
Louisiana,West Feliciana,22125,9.1
Louisiana,Winn,22127,8.1
Maine,Androscoggin,23001,7.6
Maine,Aroostook,23003,9.3
Maine,Cumberland,23005,5.9
Maine,Franklin,23007,9.9
Maine,Hancock,23009,7.1
Maine,Kennebec,23011,7
Maine,Knox,23013,6.2
Maine,Lincoln,23015,6
Maine,Oxford,23017,9.2
Maine,Penobscot,23019,7.9
Maine,Piscataquis,23021,9.6
Maine,Sagadahoc,23023,6.3
Maine,Somerset,23025,9.2
Maine,Waldo,23027,8.1
Maine,Washington,23029,10.3
Maine,York,23031,6.1
Maryland,Allegany,24001,8.9
Maryland,Anne Arundel,24003,6.7
Maryland,Baltimore,24005,7.6
Maryland,Calvert,24009,6.3
Maryland,Caroline,24011,8.7
Maryland,Carroll,24013,6.6
Maryland,Cecil,24015,8.6
Maryland,Charles,24017,6.5
Maryland,Dorchester,24019,10.2
Maryland,Frederick,24021,6.2
Maryland,Garrett,24023,7.5
Maryland,Harford,24025,7.4
Maryland,Howard,24027,5.5
Maryland,Kent,24029,7.6
Maryland,Montgomery,24031,5.5
Maryland,Prince Georges,24033,7.2
Maryland,Queen Annes,24035,6.5
Maryland,St Marys,24037,6.6
Maryland,Somerset,24039,10.7
Maryland,Talbot,24041,7.4
Maryland,Washington,24043,8.6
Maryland,Wicomico,24045,8.6
Maryland,Worcester,24047,8.3
Maryland,Baltimore City,24510,10.9
Massachusetts,Barnstable,25001,6.1
Massachusetts,Berkshire,25003,6.6
Massachusetts,Bristol,25005,9.3
Massachusetts,Dukes,25007,4.7
Massachusetts,Essex,25009,7.3
Massachusetts,Franklin,25011,6.4
Massachusetts,Hampden,25013,8.7
Massachusetts,Hampshire,25015,6.4
Massachusetts,Middlesex,25017,5.6
Massachusetts,Nantucket,25019,3.5
Massachusetts,Norfolk,25021,5.8
Massachusetts,Plymouth,25023,7
Massachusetts,Suffolk,25025,7.2
Massachusetts,Worcester,25027,7.8
Michigan,Alcona,26001,11
Michigan,Alger,26003,9.7
Michigan,Allegan,26005,7.6
Michigan,Alpena,26007,9.4
Michigan,Antrim,26009,9.3
Michigan,Arenac,26011,11.3
Michigan,Baraga,26013,16.1
Michigan,Barry,26015,6.7
Michigan,Bay,26017,8.8
Michigan,Benzie,26019,9
Michigan,Berrien,26021,9.5
Michigan,Branch,26023,8.7
Michigan,Calhoun,26025,8
Michigan,Cass,26027,8.1
Michigan,Charlevoix,26029,9.7
Michigan,Cheboygan,26031,7.5
Michigan,Chippewa,26033,10.7
Michigan,Clare,26035,11.8
Michigan,Clinton,26037,6.5
Michigan,Crawford,26039,9.6
Michigan,Delta,26041,9
Michigan,Dickinson,26043,8.1
Michigan,Eaton,26045,6.9
Michigan,Emmet,26047,10
Michigan,Genesee,26049,9.9
Michigan,Gladwin,26051,12.1
Michigan,Gogebic,26053,11.3
Michigan,Grand Traverse,26055,7.9
Michigan,Gratiot,26057,9.9
Michigan,Hillsdale,26059,9.9
Michigan,Houghton,26061,9.9
Michigan,Huron,26063,8
Michigan,Ingham,26065,8.8
Michigan,Ionia,26067,8.7
Michigan,Iosco,26069,11.1
Michigan,Iron,26071,8.7
Michigan,Isabella,26073,7.9
Michigan,Jackson,26075,9.1
Michigan,Kalamazoo,26077,7.7
Michigan,Kalkaska,26079,9.3
Michigan,Kent,26081,7.2
Michigan,Keweenaw,26083,10.4
Michigan,Lake,26085,11.8
Michigan,Lapeer,26087,11.1
Michigan,Leelanau,26089,6.6
Michigan,Lenawee,26091,9.4
Michigan,Livingston,26093,9
Michigan,Luce,26095,10.1
Michigan,Mackinac,26097,4.7
Michigan,Macomb,26099,10.8
Michigan,Manistee,26101,9.8
Michigan,Marquette,26103,8.8
Michigan,Mason,26105,8.7
Michigan,Mecosta,26107,10.4
Michigan,Menominee,26109,7.4
Michigan,Midland,26111,7.6
Michigan,Missaukee,26113,10.8
Michigan,Monroe,26115,8.5
Michigan,Montcalm,26117,11.5
Michigan,Montmorency,26119,14.3
Michigan,Muskegon,26121,9.2
Michigan,Newaygo,26123,8.6
Michigan,Oakland,26125,9.6
Michigan,Oceana,26127,10.4
Michigan,Ogemaw,26129,9.8
Michigan,Ontonagon,26131,13.5
Michigan,Osceola,26133,10.3
Michigan,Oscoda,26135,14.1
Michigan,Otsego,26137,10.6
Michigan,Ottawa,26139,7.4
Michigan,Presque Isle,26141,12
Michigan,Roscommon,26143,11.3
Michigan,Saginaw,26145,9.1
Michigan,St Clair,26147,12
Michigan,St Joseph,26149,8.8
Michigan,Sanilac,26151,9.8
Michigan,Schoolcraft,26153,11.4
Michigan,Shiawassee,26155,9.6
Michigan,Tuscola,26157,10.1
Michigan,Van Buren,26159,9.6
Michigan,Washtenaw,26161,6.5
Michigan,Wayne,26163,12.1
Michigan,Wexford,26165,11.5
Minnesota,Aitkin,27001,7.3
Minnesota,Anoka,27003,6.1
Minnesota,Becker,27005,5.5
Minnesota,Beltrami,27007,7.6
Minnesota,Benton,27009,5.9
Minnesota,Big Stone,27011,4.9
Minnesota,Blue Earth,27013,5.4
Minnesota,Brown,27015,5.3
Minnesota,Carlton,27017,7
Minnesota,Carver,27019,5.5
Minnesota,Cass,27021,8.1
Minnesota,Chippewa,27023,5.2
Minnesota,Chisago,27025,6.3
Minnesota,Clay,27027,4.2
Minnesota,Clearwater,27029,9.3
Minnesota,Cook,27031,5
Minnesota,Cottonwood,27033,5.6
Minnesota,Crow Wing,27035,6.5
Minnesota,Dakota,27037,5.6
Minnesota,Dodge,27039,5.3
Minnesota,Douglas,27041,4.7
Minnesota,Faribault,27043,5.9
Minnesota,Fillmore,27045,5.4
Minnesota,Freeborn,27047,6.1
Minnesota,Goodhue,27049,5.6
Minnesota,Grant,27051,5.5
Minnesota,Hennepin,27053,5.8
Minnesota,Houston,27055,5.6
Minnesota,Hubbard,27057,7.4
Minnesota,Isanti,27059,6.2
Minnesota,Itasca,27061,7.6
Minnesota,Jackson,27063,4
Minnesota,Kanabec,27065,8.8
Minnesota,Kandiyohi,27067,4.9
Minnesota,Kittson,27069,5.6
Minnesota,Koochiching,27071,8
Minnesota,Lac Qui Parle,27073,4.6
Minnesota,Lake,27075,5.4
Minnesota,Lake of The Woods,27077,6.1
Minnesota,Le Sueur,27079,6.6
Minnesota,Lincoln,27081,4.4
Minnesota,Lyon,27083,4.9
Minnesota,McLeod,27085,6.8
Minnesota,Mahnomen,27087,7.7
Minnesota,Marshall,27089,6.5
Minnesota,Martin,27091,5.6
Minnesota,Meeker,27093,6.2
Minnesota,Mille Lacs,27095,8.3
Minnesota,Morrison,27097,6.4
Minnesota,Mower,27099,5.1
Minnesota,Murray,27101,3.7
Minnesota,Nicollet,27103,5.2
Minnesota,Nobles,27105,4.6
Minnesota,Norman,27107,5.4
Minnesota,Olmsted,27109,4.8
Minnesota,Otter Tail,27111,5.1
Minnesota,Pennington,27113,4.8
Minnesota,Pine,27115,7.6
Minnesota,Pipestone,27117,4.4
Minnesota,Polk,27119,5.1
Minnesota,Pope,27121,4.2
Minnesota,Ramsey,27123,6.4
Minnesota,Red Lake,27125,6.4
Minnesota,Redwood,27127,5.6
Minnesota,Renville,27129,6.4
Minnesota,Rice,27131,6.9
Minnesota,Rock,27133,4.1
Minnesota,Roseau,27135,4.6
Minnesota,St Louis,27137,6.9
Minnesota,Scott,27139,5.3
Minnesota,Sherburne,27141,6.1
Minnesota,Sibley,27143,4.6
Minnesota,Stearns,27145,5.8
Minnesota,Steele,27147,5.7
Minnesota,Stevens,27149,3.9
Minnesota,Swift,27151,5.6
Minnesota,Todd,27153,5.7
Minnesota,Traverse,27155,4.8
Minnesota,Wabasha,27157,5.3
Minnesota,Wadena,27159,7.5
Minnesota,Waseca,27161,6
Minnesota,Washington,27163,5.8
Minnesota,Watonwan,27165,6.2
Minnesota,Wilkin,27167,4.2
Minnesota,Winona,27169,5.7
Minnesota,Wright,27171,5.7
Minnesota,Yellow Medicine,27173,5.2
Mississippi,Adams,28001,10.8
Mississippi,Alcorn,28003,9.3
Mississippi,Amite,28005,11.4
Mississippi,Attala,28007,11.8
Mississippi,Benton,28009,12.5
Mississippi,Bolivar,28011,11.2
Mississippi,Calhoun,28013,10
Mississippi,Carroll,28015,9.2
Mississippi,Chickasaw,28017,11.5
Mississippi,Choctaw,28019,10.7
Mississippi,Claiborne,28021,15.6
Mississippi,Clarke,28023,12.9
Mississippi,Clay,28025,17.8
Mississippi,Coahoma,28027,14.1
Mississippi,Copiah,28029,10.7
Mississippi,Covington,28031,8.9
Mississippi,De Soto,28033,7.4
Mississippi,Forrest,28035,9.8
Mississippi,Franklin,28037,11
Mississippi,George,28039,11.2
Mississippi,Greene,28041,13
Mississippi,Grenada,28043,10.1
Mississippi,Hancock,28045,9.1
Mississippi,Harrison,28047,9.1
Mississippi,Hinds,28049,9.3
Mississippi,Holmes,28051,18.1
Mississippi,Humphreys,28053,18.3
Mississippi,Issaquena,28055,13.7
Mississippi,Itawamba,28057,10.1
Mississippi,Jackson,28059,10.2
Mississippi,Jasper,28061,11.6
Mississippi,Jefferson,28063,17
Mississippi,Jefferson Davis,28065,13
Mississippi,Jones,28067,7.7
Mississippi,Kemper,28069,14.6
Mississippi,Lafayette,28071,9.2
Mississippi,Lamar,28073,7.6
Mississippi,Lauderdale,28075,10.2
Mississippi,Lawrence,28077,11.5
Mississippi,Leake,28079,12.1
Mississippi,Lee,28081,9.2
Mississippi,Leflore,28083,13.5
Mississippi,Lincoln,28085,10
Mississippi,Lowndes,28087,10.2
Mississippi,Madison,28089,7.3
Mississippi,Marion,28091,11.3
Mississippi,Marshall,28093,12.8
Mississippi,Monroe,28095,12.1
Mississippi,Montgomery,28097,12.9
Mississippi,Neshoba,28099,7.8
Mississippi,Newton,28101,9.5
Mississippi,Noxubee,28103,16.7
Mississippi,Oktibbeha,28105,11.4
Mississippi,Panola,28107,12.1
Mississippi,Pearl River,28109,10
Mississippi,Perry,28111,11.4
Mississippi,Pike,28113,11.9
Mississippi,Pontotoc,28115,8.8
Mississippi,Prentiss,28117,10
Mississippi,Quitman,28119,13.6
Mississippi,Rankin,28121,6
Mississippi,Scott,28123,8.2
Mississippi,Sharkey,28125,12.4
Mississippi,Simpson,28127,8.6
Mississippi,Smith,28129,9.7
Mississippi,Stone,28131,9.9
Mississippi,Sunflower,28133,15.4
Mississippi,Tallahatchie,28135,12.1
Mississippi,Tate,28137,10.8
Mississippi,Tippah,28139,11.3
Mississippi,Tishomingo,28141,11.1
Mississippi,Tunica,28143,16
Mississippi,Union,28145,9
Mississippi,Walthall,28147,12.3
Mississippi,Warren,28149,11.1
Mississippi,Washington,28151,15.4
Mississippi,Wayne,28153,12.3
Mississippi,Webster,28155,13.2
Mississippi,Wilkinson,28157,12.7
Mississippi,Winston,28159,13.1
Mississippi,Yalobusha,28161,10.3
Mississippi,Yazoo,28163,12.6
Missouri,Adair,29001,6.8
Missouri,Andrew,29003,5.4
Missouri,Atchison,29005,6.1
Missouri,Audrain,29007,6.3
Missouri,Barry,29009,6.4
Missouri,Barton,29011,9
Missouri,Bates,29013,8.4
Missouri,Benton,29015,7.7
Missouri,Bollinger,29017,7.1
Missouri,Boone,29019,4.9
Missouri,Buchanan,29021,5.7
Missouri,Butler,29023,7.6
Missouri,Caldwell,29025,7.6
Missouri,Callaway,29027,6.4
Missouri,Camden,29029,7.5
Missouri,Cape Girardeau,29031,6.2
Missouri,Carroll,29033,7.9
Missouri,Carter,29035,8.2
Missouri,Cass,29037,6.9
Missouri,Cedar,29039,7
Missouri,Chariton,29041,6.5
Missouri,Christian,29043,5.5
Missouri,Clark,29045,7.9
Missouri,Clay,29047,6.9
Missouri,Clinton,29049,8.3
Missouri,Cole,29051,5.4
Missouri,Cooper,29053,6.6
Missouri,Crawford,29055,7.6
Missouri,Dade,29057,7.2
Missouri,Dallas,29059,7.5
Missouri,Daviess,29061,6.6
Missouri,Dekalb,29063,6.3
Missouri,Dent,29065,7.6
Missouri,Douglas,29067,7.2
Missouri,Dunklin,29069,8.5
Missouri,Franklin,29071,8.1
Missouri,Gasconade,29073,7.2
Missouri,Gentry,29075,5.3
Missouri,Greene,29077,6.1
Missouri,Grundy,29079,6.3
Missouri,Harrison,29081,6.1
Missouri,Henry,29083,7.2
Missouri,Hickory,29085,12.3
Missouri,Holt,29087,5.2
Missouri,Howard,29089,6.6
Missouri,Howell,29091,7.1
Missouri,Iron,29093,8.1
Missouri,Jackson,29095,7.7
Missouri,Jasper,29097,6.2
Missouri,Jefferson,29099,7.3
Missouri,Johnson,29101,7.2
Missouri,Knox,29103,5.1
Missouri,Laclede,29105,8.2
Missouri,Lafayette,29107,7.8
Missouri,Lawrence,29109,6.1
Missouri,Lewis,29111,6.3
Missouri,Lincoln,29113,8.2
Missouri,Linn,29115,8.2
Missouri,Livingston,29117,6
Missouri,Mcdonald,29119,7.4
Missouri,Macon,29121,6
Missouri,Madison,29123,7
Missouri,Maries,29125,6.2
Missouri,Marion,29127,6
Missouri,Mercer,29129,4.5
Missouri,Miller,29131,7.7
Missouri,Mississippi,29133,8.6
Missouri,Moniteau,29135,6.3
Missouri,Monroe,29137,7.7
Missouri,Montgomery,29139,7.9
Missouri,Morgan,29141,7.5
Missouri,New Madrid,29143,7.8
Missouri,Newton,29145,6.5
Missouri,Nodaway,29147,6.2
Missouri,Oregon,29149,7.2
Missouri,Osage,29151,5
Missouri,Ozark,29153,7.2
Missouri,Pemiscot,29155,8.3
Missouri,Perry,29157,4.9
Missouri,Pettis,29159,7.4
Missouri,Phelps,29161,6.8
Missouri,Pike,29163,6.5
Missouri,Platte,29165,5.9
Missouri,Polk,29167,8.4
Missouri,Pulaski,29169,8.4
Missouri,Putnam,29171,5.4
Missouri,Ralls,29173,5.7
Missouri,Randolph,29175,7.8
Missouri,Ray,29177,11
Missouri,Reynolds,29179,9.4
Missouri,Ripley,29181,8.5
Missouri,St Charles,29183,6.1
Missouri,St Clair,29185,8.2
Missouri,Ste Genevieve,29186,7.1
Missouri,St Francois,29187,8.4
Missouri,St Louis,29189,7
Missouri,Saline,29195,6.5
Missouri,Schuyler,29197,6.1
Missouri,Scotland,29199,4.5
Missouri,Scott,29201,6.8
Missouri,Shannon,29203,9.8
Missouri,Shelby,29205,6.1
Missouri,Stoddard,29207,7.6
Missouri,Stone,29209,8.4
Missouri,Sullivan,29211,5.3
Missouri,Taney,29213,7.9
Missouri,Texas,29215,7
Missouri,Vernon,29217,6.1
Missouri,Warren,29219,7.5
Missouri,Washington,29221,10.2
Missouri,Wayne,29223,8.1
Missouri,Webster,29225,7.1
Missouri,Worth,29227,4.5
Missouri,Wright,29229,6.7
Missouri,St Louis City,29510,9.9
Montana,Beaverhead,30001,5.5
Montana,Big Horn,30003,12.4
Montana,Blaine,30005,6.2
Montana,Broadwater,30007,8.6
Montana,Carbon,30009,4.8
Montana,Carter,30011,3.3
Montana,Cascade,30013,5.5
Montana,Chouteau,30015,4.7
Montana,Custer,30017,4.4
Montana,Daniels,30019,4.2
Montana,Dawson,30021,4.1
Montana,Deer Lodge,30023,7.6
Montana,Fallon,30025,2.3
Montana,Fergus,30027,5.2
Montana,Flathead,30029,8.5
Montana,Gallatin,30031,5.5
Montana,Garfield,30033,3.7
Montana,Glacier,30035,10.1
Montana,Golden Valley,30037,4
Montana,Granite,30039,9.8
Montana,Hill,30041,6.1
Montana,Jefferson,30043,5.1
Montana,Judith Basin,30045,5.2
Montana,Lake,30047,8.5
Montana,Lewis and Clark,30049,5.2
Montana,Liberty,30051,6.7
Montana,Lincoln,30053,12.6
Montana,McCone,30055,3.5
Montana,Madison,30057,6
Montana,Meagher,30059,5.6
Montana,Mineral,30061,8.8
Montana,Missoula,30063,6.1
Montana,Musselshell,30065,5.5
Montana,Park,30067,5.8
Montana,Petroleum,30069,4.8
Montana,Phillips,30071,6
Montana,Pondera,30073,6.1
Montana,Powder River,30075,4.3
Montana,Powell,30077,8
Montana,Prairie,30079,3.9
Montana,Ravalli,30081,7.7
Montana,Richland,30083,3.2
Montana,Roosevelt,30085,8.2
Montana,Rosebud,30087,8.4
Montana,Sanders,30089,12.5
Montana,Sheridan,30091,3.2
Montana,Silver Bow,30093,6.1
Montana,Stillwater,30095,5.4
Montana,Sweet Grass,30097,2.8
Montana,Teton,30099,5.2
Montana,Toole,30101,4.7
Montana,Treasure,30103,5.6
Montana,Valley,30105,4.9
Montana,Wheatland,30107,4.9
Montana,Wibaux,30109,2.8
Montana,Yellowstone,30111,4.8
Nebraska,Adams,31001,3.9
Nebraska,Antelope,31003,2.8
Nebraska,Arthur,31005,3.6
Nebraska,Banner,31007,5.5
Nebraska,Blaine,31009,3.9
Nebraska,Boone,31011,2.6
Nebraska,Box Butte,31013,4.4
Nebraska,Boyd,31015,3
Nebraska,Brown,31017,3.5
Nebraska,Buffalo,31019,3.5
Nebraska,Burt,31021,4.2
Nebraska,Butler,31023,3.1
Nebraska,Cass,31025,4.7
Nebraska,Cedar,31027,2.9
Nebraska,Chase,31029,2.5
Nebraska,Cherry,31031,2.7
Nebraska,Cheyenne,31033,3.2
Nebraska,Clay,31035,3.5
Nebraska,Colfax,31037,3.6
Nebraska,Cuming,31039,3
Nebraska,Custer,31041,2.7
Nebraska,Dakota,31043,6.6
Nebraska,Dawes,31045,4.8
Nebraska,Dawson,31047,4.4
Nebraska,Deuel,31049,2.7
Nebraska,Dixon,31051,4.5
Nebraska,Dodge,31053,4.3
Nebraska,Douglas,31055,4.8
Nebraska,Dundy,31057,3
Nebraska,Fillmore,31059,3.5
Nebraska,Franklin,31061,3.9
Nebraska,Frontier,31063,3
Nebraska,Furnas,31065,3.5
Nebraska,Gage,31067,4.3
Nebraska,Garden,31069,4.3
Nebraska,Garfield,31071,3.1
Nebraska,Gosper,31073,2.9
Nebraska,Grant,31075,3.6
Nebraska,Greeley,31077,3.8
Nebraska,Hall,31079,3.9
Nebraska,Hamilton,31081,3
Nebraska,Harlan,31083,3.1
Nebraska,Hayes,31085,3
Nebraska,Hitchcock,31087,3.6
Nebraska,Holt,31089,3
Nebraska,Hooker,31091,3.4
Nebraska,Howard,31093,3.2
Nebraska,Jefferson,31095,3.2
Nebraska,Johnson,31097,3.7
Nebraska,Kearney,31099,3.4
Nebraska,Keith,31101,3.6
Nebraska,Keya Paha,31103,3.8
Nebraska,Kimball,31105,3.5
Nebraska,Knox,31107,3
Nebraska,Lancaster,31109,3.9
Nebraska,Lincoln,31111,3.6
Nebraska,Logan,31113,2.5
Nebraska,Loup,31115,3.3
Nebraska,McPherson,31117,4.2
Nebraska,Madison,31119,3.9
Nebraska,Merrick,31121,3.7
Nebraska,Morrill,31123,3.1
Nebraska,Nance,31125,3.1
Nebraska,Nemaha,31127,6.6
Nebraska,Nuckolls,31129,3.2
Nebraska,Otoe,31131,4.3
Nebraska,Pawnee,31133,3
Nebraska,Perkins,31135,2.5
Nebraska,Phelps,31137,3
Nebraska,Pierce,31139,3.7
Nebraska,Platte,31141,3.6
Nebraska,Polk,31143,2.9
Nebraska,Red Willow,31145,3.6
Nebraska,Richardson,31147,5.6
Nebraska,Rock,31149,2.4
Nebraska,Saline,31151,4
Nebraska,Sarpy,31153,4.3
Nebraska,Saunders,31155,4.3
Nebraska,Scotts Bluff,31157,4.7
Nebraska,Seward,31159,3.9
Nebraska,Sheridan,31161,3.6
Nebraska,Sherman,31163,3.3
Nebraska,Sioux,31165,3.2
Nebraska,Stanton,31167,3.4
Nebraska,Thayer,31169,3
Nebraska,Thomas,31171,3.5
Nebraska,Thurston,31173,8.6
Nebraska,Valley,31175,3
Nebraska,Washington,31177,3.9
Nebraska,Wayne,31179,4.2
Nebraska,Webster,31181,3.6
Nebraska,Wheeler,31183,3
Nebraska,York,31185,3.8
Nevada,Churchill,32001,9.4
Nevada,Clark,32003,11.8
Nevada,Douglas,32005,12.1
Nevada,Elko,32007,6.1
Nevada,Esmeralda,32009,5.7
Nevada,Eureka,32011,6.4
Nevada,Humboldt,32013,6.2
Nevada,Lander,32015,5.2
Nevada,Lincoln,32017,12.6
Nevada,Lyon,32019,14.8
Nevada,Mineral,32021,13.4
Nevada,Nye,32023,13.6
Nevada,Pershing,32027,9.7
Nevada,Storey,32029,11.3
Nevada,Washoe,32031,11.3
Nevada,White Pine,32033,7.1
Nevada,Carson City,32510,11.3
New Hampshire,Belknap,33001,5.2
New Hampshire,Carroll,33003,4.9
New Hampshire,Cheshire,33005,5.6
New Hampshire,Coos,33007,7.8
New Hampshire,Grafton,33009,4.9
New Hampshire,Hillsborough,33011,5.9
New Hampshire,Merrimack,33013,5.2
New Hampshire,Rockingham,33015,6
New Hampshire,Strafford,33017,5.8
New Hampshire,Sullivan,33019,5
New Jersey,Atlantic,34001,12.8
New Jersey,Bergen,34003,8.7
New Jersey,Burlington,34005,9.4
New Jersey,Camden,34007,10.9
New Jersey,Cape May,34009,10.1
New Jersey,Cumberland,34011,14
New Jersey,Essex,34013,11.2
New Jersey,Gloucester,34015,10.5
New Jersey,Hudson,34017,11
New Jersey,Hunterdon,34019,7.6
New Jersey,Mercer,34021,8.4
New Jersey,Middlesex,34023,9.1
New Jersey,Monmouth,34025,9
New Jersey,Morris,34027,7.7
New Jersey,Ocean,34029,10.1
New Jersey,Passaic,34031,11.3
New Jersey,Salem,34033,10.7
New Jersey,Somerset,34035,8
New Jersey,Sussex,34037,9.1
New Jersey,Union,34039,10
New Jersey,Warren,34041,7.7
New Mexico,Bernalillo,35001,7.8
New Mexico,Catron,35003,6.1
New Mexico,Chaves,35005,7.4
New Mexico,Cibola,35006,7
New Mexico,Colfax,35007,7.3
New Mexico,Curry,35009,5.3
New Mexico,De Baca,35011,4.4
New Mexico,Dona Ana,35013,7.9
New Mexico,Eddy,35015,4.6
New Mexico,Grant,35017,7.3
New Mexico,Guadalupe,35019,10.4
New Mexico,Harding,35021,3.9
New Mexico,Hidalgo,35023,5.3
New Mexico,Lea,35025,4.8
New Mexico,Lincoln,35027,5.6
New Mexico,Los Alamos,35028,3.8
New Mexico,Luna,35029,17.5
New Mexico,Mckinley,35031,9.9
New Mexico,Mora,35033,12.6
New Mexico,Otero,35035,6.7
New Mexico,Quay,35037,7.5
New Mexico,Rio Arriba,35039,8.6
New Mexico,Roosevelt,35041,5.9
New Mexico,Sandoval,35043,8.9
New Mexico,San Juan,35045,7.7
New Mexico,San Miguel,35047,8
New Mexico,Santa Fe,35049,5.9
New Mexico,Sierra,35051,6
New Mexico,Socorro,35053,5.5
New Mexico,Taos,35055,9.8
New Mexico,Torrance,35057,9.2
New Mexico,Union,35059,4.9
New Mexico,Valencia,35061,9.1
New York,Albany,36001,7.8
New York,Allegany,36003,9.2
New York,Bronx,36005,13
New York,Broome,36007,9
New York,Cattaraugus,36009,8.9
New York,Cayuga,36011,8.1
New York,Chautauqua,36013,8.4
New York,Chemung,36015,8.8
New York,Chenango,36017,8.5
New York,Clinton,36019,10
New York,Columbia,36021,7.4
New York,Cortland,36023,9
New York,Delaware,36025,9
New York,Dutchess,36027,8.4
New York,Erie,36029,8.5
New York,Essex,36031,9.1
New York,Franklin,36033,9.5
New York,Fulton,36035,10.6
New York,Genesee,36037,7.4
New York,Greene,36039,9.3
New York,Hamilton,36041,6.7
New York,Herkimer,36043,8.6
New York,Jefferson,36045,9.4
New York,Kings,36047,10.2
New York,Lewis,36049,9.5
New York,Livingston,36051,8.2
New York,Madison,36053,8.5
New York,Monroe,36055,8.2
New York,Montgomery,36057,10.2
New York,Nassau,36059,7.3
New York,New York,36061,8.1
New York,Niagara,36063,8.6
New York,Oneida,36065,8.7
New York,Onondaga,36067,8.4
New York,Ontario,36069,7.5
New York,Orange,36071,8.6
New York,Orleans,36073,10.4
New York,Oswego,36075,10.7
New York,Otsego,36077,8
New York,Putnam,36079,7
New York,Queens,36081,8.6
New York,Rensselaer,36083,8
New York,Richmond,36085,8.7
New York,Rockland,36087,7.1
New York,St Lawrence,36089,10.8
New York,Saratoga,36091,7
New York,Schenectady,36093,8.1
New York,Schoharie,36095,9.7
New York,Schuyler,36097,8
New York,Seneca,36099,8
New York,Steuben,36101,9.6
New York,Suffolk,36103,7.6
New York,Sullivan,36105,9.4
New York,Tioga,36107,8.4
New York,Tompkins,36109,7
New York,Ulster,36111,9.1
New York,Warren,36113,7.5
New York,Washington,36115,7.3
New York,Wayne,36117,8.7
New York,Westchester,36119,7.4
New York,Wyoming,36121,8.2
New York,Yates,36123,7.2
North Carolina,Alamance,37001,9.9
North Carolina,Alexander,37003,10.9
North Carolina,Alleghany,37005,10.2
North Carolina,Anson,37007,12.7
North Carolina,Ashe,37009,11.1
North Carolina,Avery,37011,11.1
North Carolina,Beaufort,37013,11.2
North Carolina,Bertie,37015,12.4
North Carolina,Bladen,37017,12.5
North Carolina,Brunswick,37019,10.6
North Carolina,Buncombe,37021,7.9
North Carolina,Burke,37023,10.7
North Carolina,Cabarrus,37025,9.2
North Carolina,Caldwell,37027,11.6
North Carolina,Camden,37029,7.5
North Carolina,Carteret,37031,8.1
North Carolina,Caswell,37033,9.8
North Carolina,Catawba,37035,11.3
North Carolina,Chatham,37037,7.2
North Carolina,Cherokee,37039,12.9
North Carolina,Chowan,37041,10.8
North Carolina,Clay,37043,9.8
North Carolina,Cleveland,37045,10.8
North Carolina,Columbus,37047,12.9
North Carolina,Craven,37049,9.7
North Carolina,Cumberland,37051,10.6
North Carolina,Currituck,37053,5.4
North Carolina,Dare,37055,8.1
North Carolina,Davidson,37057,10.3
North Carolina,Davie,37059,8.8
North Carolina,Duplin,37061,9.9
North Carolina,Durham,37063,8.1
North Carolina,Edgecombe,37065,14.7
North Carolina,Forsyth,37067,9.5
North Carolina,Franklin,37069,9.4
North Carolina,Gaston,37071,10.9
North Carolina,Gates,37073,7.4
North Carolina,Graham,37075,15.3
North Carolina,Granville,37077,10
North Carolina,Greene,37079,10.3
North Carolina,Guilford,37081,10.3
North Carolina,Halifax,37083,13.5
North Carolina,Harnett,37085,11.1
North Carolina,Haywood,37087,8.5
North Carolina,Henderson,37089,7.3
North Carolina,Hertford,37091,11
North Carolina,Hoke,37093,9.7
North Carolina,Hyde,37095,7.8
North Carolina,Iredell,37097,9.8
North Carolina,Jackson,37099,9.3
North Carolina,Johnston,37101,8.7
North Carolina,Jones,37103,11
North Carolina,Lee,37105,11.9
North Carolina,Lenoir,37107,10.3
North Carolina,Lincoln,37109,10.2
North Carolina,McDowell,37111,11.4
North Carolina,Macon,37113,10
North Carolina,Madison,37115,9.6
North Carolina,Martin,37117,11.7
North Carolina,Mecklenburg,37119,9.8
North Carolina,Mitchell,37121,12
North Carolina,Montgomery,37123,12.3
North Carolina,Moore,37125,8.9
North Carolina,Nash,37127,12.8
North Carolina,New Hanover,37129,9.3
North Carolina,Northampton,37131,11.1
North Carolina,Onslow,37133,9.2
North Carolina,Orange,37135,7.1
North Carolina,Pamlico,37137,9.5
North Carolina,Pasquotank,37139,10.7
North Carolina,Pender,37141,11
North Carolina,Perquimans,37143,10.1
North Carolina,Person,37145,10.3
North Carolina,Pitt,37147,10
North Carolina,Polk,37149,8
North Carolina,Randolph,37151,9.8
North Carolina,Richmond,37153,12.9
North Carolina,Robeson,37155,13.6
North Carolina,Rockingham,37157,11.3
North Carolina,Rowan,37159,10
North Carolina,Rutherford,37161,13.7
North Carolina,Sampson,37163,8.6
North Carolina,Scotland,37165,17.3
North Carolina,Stanly,37167,9.9
North Carolina,Stokes,37169,9.3
North Carolina,Surry,37171,10.5
North Carolina,Swain,37173,11.6
North Carolina,Transylvania,37175,9.3
North Carolina,Tyrrell,37177,8.1
North Carolina,Union,37179,8.6
North Carolina,Vance,37181,13.9
North Carolina,Wake,37183,7.9
North Carolina,Warren,37185,12.5
North Carolina,Washington,37187,12.2
North Carolina,Watauga,37189,8.7
North Carolina,Wayne,37191,9.1
North Carolina,Wilkes,37193,11.1
North Carolina,Wilson,37195,13.5
North Carolina,Yadkin,37197,8.9
North Carolina,Yancey,37199,11.3
North Dakota,Adams,38001,2.9
North Dakota,Barnes,38003,3.7
North Dakota,Benson,38005,6.8
North Dakota,Billings,38007,2.1
North Dakota,Bottineau,38009,3.1
North Dakota,Bowman,38011,2
North Dakota,Burke,38013,1.8
North Dakota,Burleigh,38015,2.8
North Dakota,Cass,38017,3.7
North Dakota,Cavalier,38019,3.2
North Dakota,Dickey,38021,3.1
North Dakota,Divide,38023,2.2
North Dakota,Dunn,38025,1.7
North Dakota,Eddy,38027,4.5
North Dakota,Emmons,38029,5.4
North Dakota,Foster,38031,3.2
North Dakota,Golden Valley,38033,3
North Dakota,Grand Forks,38035,4.2
North Dakota,Grant,38037,3.3
North Dakota,Griggs,38039,3
North Dakota,Hettinger,38041,3.3
North Dakota,Kidder,38043,5.8
North Dakota,Lamoure,38045,2.7
North Dakota,Logan,38047,3.3
North Dakota,McHenry,38049,4.2
North Dakota,McIntosh,38051,3.1
North Dakota,Mckenzie,38053,1.6
North Dakota,Mclean,38055,4.3
North Dakota,Mercer,38057,5.1
North Dakota,Morton,38059,3.7
North Dakota,Mountrail,38061,2
North Dakota,Nelson,38063,4
North Dakota,Oliver,38065,5.1
North Dakota,Pembina,38067,6.7
North Dakota,Pierce,38069,4.4
North Dakota,Ramsey,38071,4.3
North Dakota,Ransom,38073,3
North Dakota,Renville,38075,2.9
North Dakota,Richland,38077,4.1
North Dakota,Rolette,38079,13.3
North Dakota,Sargent,38081,2.6
North Dakota,Sheridan,38083,4.2
North Dakota,Sioux,38085,7.1
North Dakota,Slope,38087,1.5
North Dakota,Stark,38089,1.8
North Dakota,Steele,38091,2.3
North Dakota,Stutsman,38093,3.5
North Dakota,Towner,38095,3.3
North Dakota,Traill,38097,4.1
North Dakota,Walsh,38099,5.6
North Dakota,Ward,38101,3
North Dakota,Wells,38103,3.7
North Dakota,Williams,38105,0.9
Ohio,Adams,39001,10.7
Ohio,Allen,39003,8
Ohio,Ashland,39005,7.5
Ohio,Ashtabula,39007,8.7
Ohio,Athens,39009,8.6
Ohio,Auglaize,39011,5.8
Ohio,Belmont,39013,6.9
Ohio,Brown,39015,8.5
Ohio,Butler,39017,7.6
Ohio,Carroll,39019,7.3
Ohio,Champaign,39021,7.4
Ohio,Clark,39023,7.5
Ohio,Clermont,39025,7.1
Ohio,Clinton,39027,10.5
Ohio,Columbiana,39029,8.1
Ohio,Coshocton,39031,10.3
Ohio,Crawford,39033,8.8
Ohio,Cuyahoga,39035,8.1
Ohio,Darke,39037,6.7
Ohio,Defiance,39039,7.5
Ohio,Delaware,39041,5.3
Ohio,Erie,39043,6.3
Ohio,Fairfield,39045,6.4
Ohio,Fayette,39047,7.7
Ohio,Franklin,39049,6.5
Ohio,Fulton,39051,7.1
Ohio,Gallia,39053,9
Ohio,Geauga,39055,6.3
Ohio,Greene,39057,7.3
Ohio,Guernsey,39059,8.3
Ohio,Hamilton,39061,7.3
Ohio,Hancock,39063,6.2
Ohio,Hardin,39065,8
Ohio,Harrison,39067,8.2
Ohio,Henry,39069,7.8
Ohio,Highland,39071,9.6
Ohio,Hocking,39073,7.7
Ohio,Holmes,39075,5
Ohio,Huron,39077,9.1
Ohio,Jackson,39079,9.2
Ohio,Jefferson,39081,10.3
Ohio,Knox,39083,7
Ohio,Lake,39085,6.7
Ohio,Lawrence,39087,8.3
Ohio,Licking,39089,6.7
Ohio,Logan,39091,6.8
Ohio,Lorain,39093,7.9
Ohio,Lucas,39095,8.3
Ohio,Madison,39097,6.7
Ohio,Mahoning,39099,7.9
Ohio,Marion,39101,8
Ohio,Medina,39103,6.4
Ohio,Meigs,39105,12.3
Ohio,Mercer,39107,4.5
Ohio,Miami,39109,7.3
Ohio,Monroe,39111,9.3
Ohio,Montgomery,39113,8.2
Ohio,Morgan,39115,11
Ohio,Morrow,39117,7
Ohio,Muskingum,39119,9.5
Ohio,Noble,39121,10.6
Ohio,Ottawa,39123,8.2
Ohio,Paulding,39125,7
Ohio,Perry,39127,9.2
Ohio,Pickaway,39129,7.7
Ohio,Pike,39131,12.9
Ohio,Portage,39133,6.7
Ohio,Preble,39135,7.9
Ohio,Putnam,39137,6
Ohio,Richland,39139,8.2
Ohio,Ross,39141,8.4
Ohio,Sandusky,39143,6.9
Ohio,Scioto,39145,11.1
Ohio,Seneca,39147,7.7
Ohio,Shelby,39149,7.1
Ohio,Stark,39151,7.5
Ohio,Summit,39153,7.1
Ohio,Trumbull,39155,8.2
Ohio,Tuscarawas,39157,6.8
Ohio,Union,39159,5.8
Ohio,Van Wert,39161,7.3
Ohio,Vinton,39163,10.6
Ohio,Warren,39165,6.5
Ohio,Washington,39167,7
Ohio,Wayne,39169,6.3
Ohio,Williams,39171,7.7
Ohio,Wood,39173,7.5
Ohio,Wyandot,39175,7.2
Oklahoma,Adair,40001,7.2
Oklahoma,Alfalfa,40003,3.6
Oklahoma,Atoka,40005,5.8
Oklahoma,Beaver,40007,2.7
Oklahoma,Beckham,40009,2.8
Oklahoma,Blaine,40011,4.7
Oklahoma,Bryan,40013,5.2
Oklahoma,Caddo,40015,5.8
Oklahoma,Canadian,40017,4.6
Oklahoma,Carter,40019,4.2
Oklahoma,Cherokee,40021,5.9
Oklahoma,Choctaw,40023,6.8
Oklahoma,Cimarron,40025,3.6
Oklahoma,Cleveland,40027,4.8
Oklahoma,Coal,40029,6.4
Oklahoma,Comanche,40031,7
Oklahoma,Cotton,40033,4.8
Oklahoma,Craig,40035,5.4
Oklahoma,Creek,40037,6.4
Oklahoma,Custer,40039,3.7
Oklahoma,Delaware,40041,5.5
Oklahoma,Dewey,40043,3
Oklahoma,Ellis,40045,2.6
Oklahoma,Garfield,40047,3.8
Oklahoma,Garvin,40049,4.3
Oklahoma,Grady,40051,5.5
Oklahoma,Grant,40053,3.4
Oklahoma,Greer,40055,6.3
Oklahoma,Harmon,40057,4.5
Oklahoma,Harper,40059,3.5
Oklahoma,Haskell,40061,6.8
Oklahoma,Hughes,40063,7.9
Oklahoma,Jackson,40065,5
Oklahoma,Jefferson,40067,5.8
Oklahoma,Johnston,40069,5.8
Oklahoma,Kay,40071,6.3
Oklahoma,Kingfisher,40073,3.6
Oklahoma,Kiowa,40075,5.2
Oklahoma,Latimer,40077,8.9
Oklahoma,Le Flore,40079,8.9
Oklahoma,Lincoln,40081,5.5
Oklahoma,Logan,40083,5.2
Oklahoma,Love,40085,4
Oklahoma,Mcclain,40087,4.9
Oklahoma,McCurtain,40089,9
Oklahoma,McIntosh,40091,8
Oklahoma,Major,40093,3.4
Oklahoma,Marshall,40095,5.9
Oklahoma,Mayes,40097,6.2
Oklahoma,Murray,40099,3.2
Oklahoma,Muskogee,40101,6.6
Oklahoma,Noble,40103,4.4
Oklahoma,Nowata,40105,6.8
Oklahoma,Okfuskee,40107,7.7
Oklahoma,Oklahoma,40109,5.4
Oklahoma,Okmulgee,40111,8.3
Oklahoma,Osage,40113,6.7
Oklahoma,Ottawa,40115,5.8
Oklahoma,Pawnee,40117,6.7
Oklahoma,Payne,40119,5.5
Oklahoma,Pittsburg,40121,5.6
Oklahoma,Pontotoc,40123,4.7
Oklahoma,Pottawatomie,40125,5
Oklahoma,Pushmataha,40127,6.2
Oklahoma,Roger Mills,40129,2.9
Oklahoma,Rogers,40131,5.7
Oklahoma,Seminole,40133,7
Oklahoma,Sequoyah,40135,8.7
Oklahoma,Stephens,40137,4.7
Oklahoma,Texas,40139,5.3
Oklahoma,Tillman,40141,4.6
Oklahoma,Tulsa,40143,5.7
Oklahoma,Wagoner,40145,5.9
Oklahoma,Washington,40147,4.4
Oklahoma,Washita,40149,3.6
Oklahoma,Woods,40151,3.2
Oklahoma,Woodward,40153,3.1
Oregon,Baker,41001,9.2
Oregon,Benton,41003,6.5
Oregon,Clackamas,41005,8.1
Oregon,Clatsop,41007,7.6
Oregon,Columbia,41009,9.6
Oregon,Coos,41011,10.8
Oregon,Crook,41013,13.4
Oregon,Curry,41015,11.4
Oregon,Deschutes,41017,10.9
Oregon,Douglas,41019,12.4
Oregon,Gilliam,41021,7.2
Oregon,Grant,41023,11.6
Oregon,Harney,41025,11.7
Oregon,Hood River,41027,7.7
Oregon,Jackson,41029,11.1
Oregon,Jefferson,41031,11.1
Oregon,Josephine,41033,11.9
Oregon,Klamath,41035,11.1
Oregon,Lake,41037,12.1
Oregon,Lane,41039,8.8
Oregon,Lincoln,41041,9.1
Oregon,Linn,41043,11.1
Oregon,Malheur,41045,10.3
Oregon,Marion,41047,9.6
Oregon,Morrow,41049,8.1
Oregon,Multnomah,41051,7.9
Oregon,Polk,41053,8.9
Oregon,Sherman,41055,7.5
Oregon,Tillamook,41057,8.4
Oregon,Umatilla,41059,8.1
Oregon,Union,41061,8.8
Oregon,Wallowa,41063,8.5
Oregon,Wasco,41065,8.2
Oregon,Washington,41067,7.2
Oregon,Wheeler,41069,7.9
Oregon,Yamhill,41071,8.6
Pennsylvania,Adams,42001,7
Pennsylvania,Allegheny,42003,7.2
Pennsylvania,Armstrong,42005,8.6
Pennsylvania,Beaver,42007,7.5
Pennsylvania,Bedford,42009,9
Pennsylvania,Berks,42011,8.4
Pennsylvania,Blair,42013,7.5
Pennsylvania,Bradford,42015,6.4
Pennsylvania,Bucks,42017,7.7
Pennsylvania,Butler,42019,6.7
Pennsylvania,Cambria,42021,9.5
Pennsylvania,Cameron,42023,11.5
Pennsylvania,Carbon,42025,9.9
Pennsylvania,Centre,42027,6.7
Pennsylvania,Chester,42029,6.7
Pennsylvania,Clarion,42031,9.2
Pennsylvania,Clearfield,42033,8.9
Pennsylvania,Clinton,42035,8.9
Pennsylvania,Columbia,42037,8.6
Pennsylvania,Crawford,42039,8
Pennsylvania,Cumberland,42041,7
Pennsylvania,Dauphin,42043,8
Pennsylvania,Delaware,42045,8.6
Pennsylvania,Elk,42047,7.1
Pennsylvania,Erie,42049,8.2
Pennsylvania,Fayette,42051,9.3
Pennsylvania,Forest,42053,9.6
Pennsylvania,Franklin,42055,7.1
Pennsylvania,Fulton,42057,8.9
Pennsylvania,Greene,42059,7
Pennsylvania,Huntingdon,42061,9.4
Pennsylvania,Indiana,42063,8.8
Pennsylvania,Jefferson,42065,8.1
Pennsylvania,Juniata,42067,7.1
Pennsylvania,Lackawanna,42069,9.2
Pennsylvania,Lancaster,42071,6.9
Pennsylvania,Lawrence,42073,8.2
Pennsylvania,Lebanon,42075,6.7
Pennsylvania,Lehigh,42077,8.9
Pennsylvania,Luzerne,42079,10.2
Pennsylvania,Lycoming,42081,8.2
Pennsylvania,McKean,42083,8.5
Pennsylvania,Mercer,42085,9.2
Pennsylvania,Mifflin,42087,8.5
Pennsylvania,Monroe,42089,10
Pennsylvania,Montgomery,42091,7.1
Pennsylvania,Montour,42093,6.8
Pennsylvania,Northampton,42095,9
Pennsylvania,Northumberland,42097,9
Pennsylvania,Perry,42099,8.2
Pennsylvania,Philadelphia,42101,11.1
Pennsylvania,Pike,42103,11.9
Pennsylvania,Potter,42105,9.5
Pennsylvania,Schuylkill,42107,9.6
Pennsylvania,Snyder,42109,8.7
Pennsylvania,Somerset,42111,8.7
Pennsylvania,Sullivan,42113,6.9
Pennsylvania,Susquehanna,42115,7.5
Pennsylvania,Tioga,42117,8.1
Pennsylvania,Union,42119,8.3
Pennsylvania,Venango,42121,8.1
Pennsylvania,Warren,42123,6.9
Pennsylvania,Washington,42125,7.6
Pennsylvania,Wayne,42127,7.4
Pennsylvania,Westmoreland,42129,7.8
Pennsylvania,Wyoming,42131,9.4
Pennsylvania,York,42133,8.3
Rhode Island,Bristol,44001,8.3
Rhode Island,Kent,44003,9.7
Rhode Island,Newport,44005,8.1
Rhode Island,Providence,44007,11.4
Rhode Island,Washington,44009,8.3
South Carolina,Abbeville,45001,10.9
South Carolina,Aiken,45003,8.3
South Carolina,Allendale,45005,16.7
South Carolina,Anderson,45007,9.2
South Carolina,Bamberg,45009,16
South Carolina,Barnwell,45011,14.8
South Carolina,Beaufort,45013,8.6
South Carolina,Berkeley,45015,8.7
South Carolina,Calhoun,45017,11.2
South Carolina,Charleston,45019,7.9
South Carolina,Cherokee,45021,12.1
South Carolina,Chester,45023,14.2
South Carolina,Chesterfield,45025,13.1
South Carolina,Clarendon,45027,14.4
South Carolina,Colleton,45029,11.9
South Carolina,Darlington,45031,12
South Carolina,Dillon,45033,14.8
South Carolina,Dorchester,45035,8
South Carolina,Edgefield,45037,8.9
South Carolina,Fairfield,45039,12.1
South Carolina,Florence,45041,10
South Carolina,Georgetown,45043,9.6
South Carolina,Greenville,45045,7.8
South Carolina,Greenwood,45047,10.8
South Carolina,Hampton,45049,12.7
South Carolina,Horry,45051,9.5
South Carolina,Jasper,45053,8.9
South Carolina,Kershaw,45055,9.3
South Carolina,Lancaster,45057,12.1
South Carolina,Laurens,45059,9.5
South Carolina,Lee,45061,12.5
South Carolina,Lexington,45063,7.5
South Carolina,McCormick,45065,12.8
South Carolina,Marion,45067,18.1
South Carolina,Marlboro,45069,17.3
South Carolina,Newberry,45071,9.3
South Carolina,Oconee,45073,9.7
South Carolina,Orangeburg,45075,13.9
South Carolina,Pickens,45077,9
South Carolina,Richland,45079,9.6
South Carolina,Saluda,45081,7.9
South Carolina,Spartanburg,45083,9.8
South Carolina,Sumter,45085,11
South Carolina,Union,45087,14.3
South Carolina,Williamsburg,45089,13.1
South Carolina,York,45091,10.7
South Dakota,Aurora,46003,3.2
South Dakota,Beadle,46005,3.4
South Dakota,Bennett,46007,6.1
South Dakota,Bon Homme,46009,4.6
South Dakota,Brookings,46011,4.4
South Dakota,Brown,46013,3.6
South Dakota,Brule,46015,3.7
South Dakota,Buffalo,46017,13.2
South Dakota,Butte,46019,4.3
South Dakota,Campbell,46021,3.7
South Dakota,Charles Mix,46023,5
South Dakota,Clark,46025,4.1
South Dakota,Clay,46027,4.9
South Dakota,Codington,46029,3.7
South Dakota,Corson,46031,10.3
South Dakota,Custer,46033,3.5
South Dakota,Davison,46035,3.3
South Dakota,Day,46037,5.4
South Dakota,Deuel,46039,4.1
South Dakota,Dewey,46041,15.4
South Dakota,Douglas,46043,3.1
South Dakota,Edmunds,46045,4.2
South Dakota,Fall River,46047,4.6
South Dakota,Faulk,46049,3.8
South Dakota,Grant,46051,4.3
South Dakota,Gregory,46053,3.9
South Dakota,Haakon,46055,2.8
South Dakota,Hamlin,46057,4
South Dakota,Hand,46059,3.1
South Dakota,Hanson,46061,4.9
South Dakota,Harding,46063,3.5
South Dakota,Hughes,46065,3.5
South Dakota,Hutchinson,46067,3.6
South Dakota,Hyde,46069,3.7
South Dakota,Jackson,46071,5.5
South Dakota,Jerauld,46073,2.6
South Dakota,Jones,46075,3.1
South Dakota,Kingsbury,46077,3.4
South Dakota,Lake,46079,4.4
South Dakota,Lawrence,46081,4.4
South Dakota,Lincoln,46083,3.5
South Dakota,Lyman,46085,6.2
South Dakota,McCook,46087,4.1
South Dakota,McPherson,46089,4.5
South Dakota,Marshall,46091,5.1
South Dakota,Meade,46093,4.7
South Dakota,Mellette,46095,8.2
South Dakota,Miner,46097,3.8
South Dakota,Minnehaha,46099,4.1
South Dakota,Moody,46101,6.4
South Dakota,Pennington,46103,4.2
South Dakota,Perkins,46105,3.9
South Dakota,Potter,46107,4
South Dakota,Roberts,46109,5.8
South Dakota,Sanborn,46111,3.4
South Dakota,Shannon,46113,14.5
South Dakota,Spink,46115,3.9
South Dakota,Stanley,46117,2.6
South Dakota,Sully,46119,2.5
South Dakota,Todd,46121,9.9
South Dakota,Tripp,46123,4.2
South Dakota,Turner,46125,3.7
South Dakota,Union,46127,4.3
South Dakota,Walworth,46129,5
South Dakota,Yankton,46135,4.1
South Dakota,Ziebach,46137,7.9
Tennessee,Anderson,47001,8.9
Tennessee,Bedford,47003,9.8
Tennessee,Benton,47005,10.4
Tennessee,Bledsoe,47007,11.1
Tennessee,Blount,47009,7.3
Tennessee,Bradley,47011,8.2
Tennessee,Campbell,47013,11.3
Tennessee,Cannon,47015,8.5
Tennessee,Carroll,47017,11.1
Tennessee,Carter,47019,8.7
Tennessee,Cheatham,47021,8.1
Tennessee,Chester,47023,10
Tennessee,Claiborne,47025,11.3
Tennessee,Clay,47027,10
Tennessee,Cocke,47029,11
Tennessee,Coffee,47031,7.9
Tennessee,Crockett,47033,10
Tennessee,Cumberland,47035,9.4
Tennessee,Davidson,47037,7.2
Tennessee,Decatur,47039,9.9
Tennessee,Dekalb,47041,8
Tennessee,Dickson,47043,8.8
Tennessee,Dyer,47045,12.6
Tennessee,Fayette,47047,9.5
Tennessee,Fentress,47049,9.2
Tennessee,Franklin,47051,8.7
Tennessee,Gibson,47053,11.9
Tennessee,Giles,47055,9.8
Tennessee,Grainger,47057,10.8
Tennessee,Greene,47059,11.7
Tennessee,Grundy,47061,10.4
Tennessee,Hamblen,47063,9.9
Tennessee,Hamilton,47065,8.2
Tennessee,Hancock,47067,13.3
Tennessee,Hardeman,47069,12.5
Tennessee,Hardin,47071,9.5
Tennessee,Hawkins,47073,8.2
Tennessee,Haywood,47075,11.6
Tennessee,Henderson,47077,11.2
Tennessee,Henry,47079,10.1
Tennessee,Hickman,47081,10.3
Tennessee,Houston,47083,10.5
Tennessee,Humphreys,47085,9.8
Tennessee,Jackson,47087,9.6
Tennessee,Jefferson,47089,10.3
Tennessee,Johnson,47091,10.2
Tennessee,Knox,47093,7
Tennessee,Lake,47095,10.9
Tennessee,Lauderdale,47097,12.9
Tennessee,Lawrence,47099,12.3
Tennessee,Lewis,47101,11.3
Tennessee,Lincoln,47103,5.7
Tennessee,Loudon,47105,7
Tennessee,McMinn,47107,9.5
Tennessee,McNairy,47109,10.1
Tennessee,Macon,47111,8.1
Tennessee,Madison,47113,8.8
Tennessee,Marion,47115,9.4
Tennessee,Marshall,47117,11.8
Tennessee,Maury,47119,9.8
Tennessee,Meigs,47121,10.8
Tennessee,Monroe,47123,11
Tennessee,Montgomery,47125,8.4
Tennessee,Moore,47127,8.5
Tennessee,Morgan,47129,11.1
Tennessee,Obion,47131,13.5
Tennessee,Overton,47133,9
Tennessee,Perry,47135,12.4
Tennessee,Pickett,47137,12.4
Tennessee,Polk,47139,9.6
Tennessee,Putnam,47141,8.9
Tennessee,Rhea,47143,11.5
Tennessee,Roane,47145,8.2
Tennessee,Robertson,47147,7.4
Tennessee,Rutherford,47149,7.2
Tennessee,Scott,47151,18.8
Tennessee,Sequatchie,47153,8.3
Tennessee,Sevier,47155,8.1
Tennessee,Shelby,47157,9.8
Tennessee,Smith,47159,7.6
Tennessee,Stewart,47161,10.9
Tennessee,Sullivan,47163,7.9
Tennessee,Sumner,47165,7.2
Tennessee,Tipton,47167,9.3
Tennessee,Trousdale,47169,7.9
Tennessee,Unicoi,47171,9.5
Tennessee,Union,47173,8.2
Tennessee,Van Buren,47175,12.8
Tennessee,Warren,47177,9.8
Tennessee,Washington,47179,7.5
Tennessee,Wayne,47181,11.4
Tennessee,Weakley,47183,12.3
Tennessee,White,47185,12.1
Tennessee,Williamson,47187,5.9
Tennessee,Wilson,47189,6.9
Texas,Anderson,48001,8.6
Texas,Andrews,48003,4.3
Texas,Angelina,48005,7.3
Texas,Aransas,48007,6.4
Texas,Archer,48009,5.4
Texas,Armstrong,48011,5.1
Texas,Atascosa,48013,7.4
Texas,Austin,48015,6.7
Texas,Bailey,48017,7.1
Texas,Bandera,48019,6.2
Texas,Bastrop,48021,7.2
Texas,Baylor,48023,4.9
Texas,Bee,48025,7.7
Texas,Bell,48027,8.1
Texas,Bexar,48029,7.3
Texas,Blanco,48031,6.1
Texas,Borden,48033,3
Texas,Bosque,48035,8
Texas,Bowie,48037,7.3
Texas,Brazoria,48039,7.5
Texas,Brazos,48041,6.5
Texas,Brewster,48043,5.4
Texas,Briscoe,48045,6.4
Texas,Brooks,48047,8
Texas,Brown,48049,6.6
Texas,Burleson,48051,6.8
Texas,Burnet,48053,5.9
Texas,Caldwell,48055,8
Texas,Calhoun,48057,7.8
Texas,Callahan,48059,5.6
Texas,Cameron,48061,11.1
Texas,Camp,48063,8.3
Texas,Carson,48065,5
Texas,Cass,48067,9.5
Texas,Castro,48069,5.6
Texas,Chambers,48071,9
Texas,Cherokee,48073,8.5
Texas,Childress,48075,5.7
Texas,Clay,48077,5.8
Texas,Cochran,48079,7.7
Texas,Coke,48081,6.9
Texas,Coleman,48083,6.6
Texas,Collin,48085,6.7
Texas,Collingsworth,48087,5.2
Texas,Colorado,48089,5.9
Texas,Comal,48091,6.7
Texas,Comanche,48093,6.4
Texas,Concho,48095,8
Texas,Cooke,48097,4.9
Texas,Coryell,48099,9.5
Texas,Cottle,48101,6.1
Texas,Crane,48103,6.2
Texas,Crockett,48105,4.4
Texas,Crosby,48107,7.4
Texas,Culberson,48109,4.1
Texas,Dallam,48111,4.1
Texas,Dallas,48113,7.7
Texas,Dawson,48115,7.5
Texas,Deaf Smith,48117,5.2
Texas,Delta,48119,8.2
Texas,Denton,48121,6.6
Texas,De Witt,48123,5.6
Texas,Dickens,48125,9.9
Texas,Dimmit,48127,5.5
Texas,Donley,48129,6.4
Texas,Duval,48131,7.2
Texas,Eastland,48133,7
Texas,Ector,48135,4.8
Texas,Edwards,48137,6.7
Texas,Ellis,48139,7.5
Texas,El Paso,48141,10.2
Texas,Erath,48143,6.2
Texas,Falls,48145,8.9
Texas,Fannin,48147,9.1
Texas,Fayette,48149,5.3
Texas,Fisher,48151,5.6
Texas,Floyd,48153,7.2
Texas,Foard,48155,6
Texas,Fort Bend,48157,6.7
Texas,Franklin,48159,6.9
Texas,Freestone,48161,5.7
Texas,Frio,48163,6.3
Texas,Gaines,48165,5.1
Texas,Galveston,48167,8.6
Texas,Garza,48169,6.9
Texas,Gillespie,48171,4.6
Texas,Glasscock,48173,4.7
Texas,Goliad,48175,5.7
Texas,Gonzales,48177,5.1
Texas,Gray,48179,5.3
Texas,Grayson,48181,7.7
Texas,Gregg,48183,6.2
Texas,Grimes,48185,7.2
Texas,Guadalupe,48187,6.3
Texas,Hale,48189,7.7
Texas,Hall,48191,8.4
Texas,Hamilton,48193,5.9
Texas,Hansford,48195,4.4
Texas,Hardeman,48197,5.3
Texas,Hardin,48199,8.6
Texas,Harris,48201,7.5
Texas,Harrison,48203,7.5
Texas,Hartley,48205,5.4
Texas,Haskell,48207,6.1
Texas,Hays,48209,6.4
Texas,Hemphill,48211,2.7
Texas,Henderson,48213,7.9
Texas,Hidalgo,48215,12
Texas,Hill,48217,7.6
Texas,Hockley,48219,5.2
Texas,Hood,48221,6
Texas,Hopkins,48223,6.7
Texas,Houston,48225,10.1
Texas,Howard,48227,7
Texas,Hudspeth,48229,6.3
Texas,Hunt,48231,9.3
Texas,Hutchinson,48233,6.1
Texas,Irion,48235,4.9
Texas,Jack,48237,4.8
Texas,Jackson,48239,5.8
Texas,Jasper,48241,10.7
Texas,Jeff Davis,48243,5.8
Texas,Jefferson,48245,11.9
Texas,Jim Hogg,48247,5.1
Texas,Jim Wells,48249,5.5
Texas,Johnson,48251,7.4
Texas,Jones,48253,6.9
Texas,Karnes,48255,7.8
Texas,Kaufman,48257,8.1
Texas,Kendall,48259,6
Texas,Kenedy,48261,3.7
Texas,Kent,48263,5.5
Texas,Kerr,48265,5.9
Texas,Kimble,48267,5.8
Texas,King,48269,5.3
Texas,Kinney,48271,7.6
Texas,Kleberg,48273,6.7
Texas,Knox,48275,6
Texas,Lamar,48277,9.4
Texas,Lamb,48279,7.1
Texas,Lampasas,48281,7.7
Texas,La Salle,48283,4.7
Texas,Lavaca,48285,5
Texas,Lee,48287,5.5
Texas,Leon,48289,7.2
Texas,Liberty,48291,10.3
Texas,Limestone,48293,6.6
Texas,Lipscomb,48295,3.8
Texas,Live Oak,48297,4.6
Texas,Llano,48299,6.7
Texas,Loving,48301,12.2
Texas,Lubbock,48303,6.4
Texas,Lynn,48305,7.5
Texas,McCulloch,48307,5.7
Texas,McLennan,48309,7.4
Texas,McMullen,48311,2.9
Texas,Madison,48313,7.8
Texas,Marion,48315,8.3
Texas,Martin,48317,4.6
Texas,Mason,48319,4.5
Texas,Matagorda,48321,10.8
Texas,Maverick,48323,12.8
Texas,Medina,48325,7.1
Texas,Menard,48327,6.6
Texas,Midland,48329,4
Texas,Milam,48331,8.6
Texas,Mills,48333,5.4
Texas,Mitchell,48335,7.1
Texas,Montague,48337,5.3
Texas,Montgomery,48339,6.7
Texas,Moore,48341,4.7
Texas,Morris,48343,9.6
Texas,Motley,48345,5.1
Texas,Nacogdoches,48347,7.4
Texas,Navarro,48349,8.4
Texas,Newton,48351,12.6
Texas,Nolan,48353,6.2
Texas,Nueces,48355,6.8
Texas,Ochiltree,48357,3.7
Texas,Oldham,48359,4.7
Texas,Orange,48361,10.6
Texas,Palo Pinto,48363,6.7
Texas,Panola,48365,6.2
Texas,Parker,48367,6.8
Texas,Parmer,48369,5.4
Texas,Pecos,48371,5
Texas,Polk,48373,9
Texas,Potter,48375,6.4
Texas,Presidio,48377,14.2
Texas,Rains,48379,7.6
Texas,Randall,48381,4.8
Texas,Reagan,48383,2.5
Texas,Real,48385,7.1
Texas,Red River,48387,11
Texas,Reeves,48389,10.6
Texas,Refugio,48391,4.9
Texas,Roberts,48393,4.2
Texas,Robertson,48395,8.2
Texas,Rockwall,48397,7
Texas,Runnels,48399,6.4
Texas,Rusk,48401,7
Texas,Sabine,48403,16.1
Texas,San Augustine,48405,10.9
Texas,San Jacinto,48407,8.7
Texas,San Patricio,48409,8.1
Texas,San Saba,48411,8.3
Texas,Schleicher,48413,5.1
Texas,Scurry,48415,5.1
Texas,Shackelford,48417,3.3
Texas,Shelby,48419,7.5
Texas,Sherman,48421,5
Texas,Smith,48423,7.5
Texas,Somervell,48425,6.5
Texas,Starr,48427,16
Texas,Stephens,48429,6.2
Texas,Sterling,48431,3.1
Texas,Stonewall,48433,4.1
Texas,Sutton,48435,3.4
Texas,Swisher,48437,6.4
Texas,Tarrant,48439,7.2
Texas,Taylor,48441,6.1
Texas,Terrell,48443,5.7
Texas,Terry,48445,7.3
Texas,Throckmorton,48447,5.1
Texas,Titus,48449,7.8
Texas,Tom Green,48451,5.9
Texas,Travis,48453,6.3
Texas,Trinity,48455,8.5
Texas,Tyler,48457,10.8
Texas,Upshur,48459,6.3
Texas,Upton,48461,3.6
Texas,Uvalde,48463,8.5
Texas,Val Verde,48465,8.3
Texas,Van Zandt,48467,7
Texas,Victoria,48469,5.9
Texas,Walker,48471,7.7
Texas,Waller,48473,8.3
Texas,Ward,48475,5
Texas,Washington,48477,5.8
Texas,Webb,48479,8.1
Texas,Wharton,48481,7.3
Texas,Wheeler,48483,4.1
Texas,Wichita,48485,7.1
Texas,Wilbarger,48487,5.3
Texas,Willacy,48489,14.6
Texas,Williamson,48491,6.4
Texas,Wilson,48493,6.7
Texas,Winkler,48495,5.4
Texas,Wise,48497,7.4
Texas,Wood,48499,7.7
Texas,Yoakum,48501,3.9
Texas,Young,48503,5.6
Texas,Zapata,48505,7.7
Texas,Zavala,48507,14.7
Utah,Beaver,49001,5.7
Utah,Box Elder,49003,6.9
Utah,Cache,49005,4.7
Utah,Carbon,49007,7.1
Utah,Daggett,49009,4.3
Utah,Davis,49011,5.6
Utah,Duchesne,49013,4.1
Utah,Emery,49015,8
Utah,Garfield,49017,7.7
Utah,Grand,49019,6.4
Utah,Iron,49021,8.1
Utah,Juab,49023,6.2
Utah,Kane,49025,6.2
Utah,Millard,49027,4.6
Utah,Morgan,49029,5.3
Utah,Piute,49031,5.8
Utah,Rich,49033,3.3
Utah,Salt Lake,49035,5.8
Utah,San Juan,49037,10.4
Utah,Sanpete,49039,8
Utah,Sevier,49041,6.4
Utah,Summit,49043,6.1
Utah,Tooele,49045,6.6
Utah,Uintah,49047,4
Utah,Utah,49049,6
Utah,Wasatch,49051,7
Utah,Washington,49053,7.2
Utah,Wayne,49055,8.8
Utah,Weber,49057,6.9
Vermont,Addison,50001,5.1
Vermont,Bennington,50003,5.9
Vermont,Caledonia,50005,6.4
Vermont,Chittenden,50007,4.6
Vermont,Essex,50009,6.2
Vermont,Franklin,50011,4.7
Vermont,Grand Isle,50013,5
Vermont,Lamoille,50015,5.4
Vermont,Orange,50017,4.9
Vermont,Orleans,50019,7
Vermont,Rutland,50021,6.5
Vermont,Washington,50023,5
Vermont,Windham,50025,5.3
Vermont,Windsor,50027,4.7
Virginia,Accomack,51001,6.6
Virginia,Albemarle,51003,5.3
Virginia,Alleghany,51005,7.7
Virginia,Amelia,51007,5.8
Virginia,Amherst,51009,7.5
Virginia,Appomattox,51011,7.1
Virginia,Arlington,51013,3.9
Virginia,Augusta,51015,5.9
Virginia,Bath,51017,5.1
Virginia,Bedford,51019,6.3
Virginia,Bland,51021,6.5
Virginia,Botetourt,51023,5.7
Virginia,Brunswick,51025,10.7
Virginia,Buchanan,51027,8
Virginia,Buckingham,51029,8.2
Virginia,Campbell,51031,6.5
Virginia,Caroline,51033,6.9
Virginia,Carroll,51035,8.7
Virginia,Charles City,51036,7.6
Virginia,Charlotte,51037,9.3
Virginia,Chesterfield,51041,6
Virginia,Clarke,51043,5.2
Virginia,Craig,51045,7.2
Virginia,Culpeper,51047,6.6
Virginia,Cumberland,51049,6.9
Virginia,Dickenson,51051,9.3
Virginia,Dinwiddie,51053,6.8
Virginia,Essex,51057,7.7
Virginia,Fairfax,51059,4.5
Virginia,Fauquier,51061,5
Virginia,Floyd,51063,6.6
Virginia,Fluvanna,51065,5.1
Virginia,Franklin,51067,6.3
Virginia,Frederick,51069,5.6
Virginia,Giles,51071,7.5
Virginia,Gloucester,51073,5.6
Virginia,Goochland,51075,4.9
Virginia,Grayson,51077,8.3
Virginia,Greene,51079,5.1
Virginia,Greensville,51081,9
Virginia,Halifax,51083,9.6
Virginia,Hanover,51085,5.8
Virginia,Henrico,51087,5.9
Virginia,Henry,51089,10.1
Virginia,Highland,51091,5.9
Virginia,Isle of Wight,51093,6.4
Virginia,James City,51095,5.2
Virginia,King and Queen,51097,6.8
Virginia,King George,51099,7.3
Virginia,King William,51101,6.2
Virginia,Lancaster,51103,7.5
Virginia,Lee,51105,8.3
Virginia,Loudoun,51107,4.4
Virginia,Louisa,51109,6.9
Virginia,Lunenburg,51111,9
Virginia,Madison,51113,5
Virginia,Mathews,51115,5.4
Virginia,Mecklenburg,51117,10.1
Virginia,Middlesex,51119,6.1
Virginia,Montgomery,51121,7.1
Virginia,Nelson,51125,5.7
Virginia,New Kent,51127,5.7
Virginia,Northampton,51131,8.5
Virginia,Northumberland,51133,7.6
Virginia,Nottoway,51135,7.6
Virginia,Orange,51137,6.8
Virginia,Page,51139,9.4
Virginia,Patrick,51141,8.1
Virginia,Pittsylvania,51143,7.5
Virginia,Powhatan,51145,5.5
Virginia,Prince Edward,51147,10.1
Virginia,Prince George,51149,6.6
Virginia,Prince William,51153,5.1
Virginia,Pulaski,51155,7.2
Virginia,Rappahannock,51157,5.1
Virginia,Richmond,51159,8.6
Virginia,Roanoke,51161,5.6
Virginia,Rockbridge,51163,5.9
Virginia,Rockingham,51165,5.8
Virginia,Russell,51167,9.2
Virginia,Scott,51169,8.2
Virginia,Shenandoah,51171,6.8
Virginia,Smyth,51173,8.9
Virginia,Southampton,51175,7.6
Virginia,Spotsylvania,51177,5.4
Virginia,Stafford,51179,5.2
Virginia,Surry,51181,8
Virginia,Sussex,51183,8.3
Virginia,Tazewell,51185,7.2
Virginia,Warren,51187,6.2
Virginia,Washington,51191,7.4
Virginia,Westmoreland,51193,7.3
Virginia,Wise,51195,8
Virginia,Wythe,51197,6.9
Virginia,York,51199,5.3
Virginia,Alexandria City,51510,4.7
Virginia,Bedford City,51515,9.5
Virginia,Bristol City,51520,8.4
Virginia,Buena Vista City,51530,7.8
Virginia,Charlottesville City,51540,6.7
Virginia,Chesapeake City,51550,6.5
Virginia,Colonial Heights City,51570,7
Virginia,Covington City,51580,10
Virginia,Danville City,51590,11.5
Virginia,Emporia City,51595,11.8
Virginia,Fairfax City,51600,6.1
Virginia,Falls Church City,51610,7
Virginia,Franklin City,51620,10.2
Virginia,Fredericksburg City,51630,8.9
Virginia,Galax City,51640,8.5
Virginia,Hampton City,51650,8.1
Virginia,Harrisonburg City,51660,7.9
Virginia,Hopewell City,51670,9.2
Virginia,Lexington City,51678,13.7
Virginia,Lynchburg City,51680,8.9
Virginia,Manassas City,51683,6.4
Virginia,Manassas Park City,51685,5.3
Virginia,Martinsville City,51690,14.8
Virginia,Newport News City,51700,7.5
Virginia,Norfolk City,51710,8.5
Virginia,Norton City,51720,7.3
Virginia,Petersburg City,51730,11.9
Virginia,Poquoson City,51735,5.7
Virginia,Portsmouth City,51740,8.8
Virginia,Radford,51750,9.1
Virginia,Richmond City,51760,9
Virginia,Roanoke City,51770,7.7
Virginia,Salem City,51775,6.5
Virginia,Staunton City,51790,6.4
Virginia,Suffolk City,51800,7.1
Virginia,Virginia Beach City,51810,5.8
Virginia,Waynesboro City,51820,7.1
Virginia,Williamsburg City,51830,13.2
Virginia,Winchester City,51840,6.7
Washington,Adams,53001,7.8
Washington,Asotin,53003,9.3
Washington,Benton,53005,8.3
Washington,Chelan,53007,7.1
Washington,Clallam,53009,9.6
Washington,Clark,53011,11
Washington,Columbia,53013,9.9
Washington,Cowlitz,53015,10.9
Washington,Douglas,53017,6.3
Washington,Ferry,53019,12.1
Washington,Franklin,53021,8.4
Washington,Garfield,53023,7
Washington,Grant,53025,8.1
Washington,Grays Harbor,53027,12.3
Washington,Island,53029,8.1
Washington,Jefferson,53031,9.1
Washington,King,53033,7.3
Washington,Kitsap,53035,7.5
Washington,Kittitas,53037,7.8
Washington,Klickitat,53039,9.7
Washington,Lewis,53041,12
Washington,Lincoln,53043,7.4
Washington,Mason,53045,10.3
Washington,Okanogan,53047,8.3
Washington,Pacific,53049,10.9
Washington,Pend Oreille,53051,10.8
Washington,Pierce,53053,9
Washington,San Juan,53055,5.4
Washington,Skagit,53057,9.1
Washington,Skamania,53059,11.1
Washington,Snohomish,53061,8.4
Washington,Spokane,53063,8.5
Washington,Stevens,53065,10.8
Washington,Thurston,53067,7.8
Washington,Wahkiakum,53069,11.6
Washington,Walla Walla,53071,6.8
Washington,Whatcom,53073,7.5
Washington,Whitman,53075,7.1
Washington,Yakima,53077,8.9
West Virginia,Barbour,54001,8.1
West Virginia,Berkeley,54003,7.4
West Virginia,Boone,54005,12.9
West Virginia,Braxton,54007,8.8
West Virginia,Brooke,54009,9.8
West Virginia,Cabell,54011,7.2
West Virginia,Calhoun,54013,9.9
West Virginia,Clay,54015,11.1
West Virginia,Doddridge,54017,6.9
West Virginia,Fayette,54019,8
West Virginia,Gilmer,54021,7.3
West Virginia,Grant,54023,11
West Virginia,Greenbrier,54025,7.2
West Virginia,Hampshire,54027,7.9
West Virginia,Hancock,54029,9.4
West Virginia,Hardy,54031,9.2
West Virginia,Harrison,54033,6.6
West Virginia,Jackson,54035,9.3
West Virginia,Jefferson,54037,5.4
West Virginia,Kanawha,54039,6.6
West Virginia,Lewis,54041,6.2
West Virginia,Lincoln,54043,10.6
West Virginia,Logan,54045,9.4
West Virginia,McDowell,54047,9.9
West Virginia,Marion,54049,6.8
West Virginia,Marshall,54051,8.4
West Virginia,Mason,54053,11.4
West Virginia,Mercer,54055,7.8
West Virginia,Mineral,54057,8.1
West Virginia,Mingo,54059,10.5
West Virginia,Monongalia,54061,5.5
West Virginia,Monroe,54063,6.2
West Virginia,Morgan,54065,7.3
West Virginia,Nicholas,54067,9
West Virginia,Ohio,54069,7.3
West Virginia,Pendleton,54071,6.5
West Virginia,Pleasants,54073,8.8
West Virginia,Pocahontas,54075,11.4
West Virginia,Preston,54077,6.7
West Virginia,Putnam,54079,6.1
West Virginia,Raleigh,54081,7.2
West Virginia,Randolph,54083,8.4
West Virginia,Ritchie,54085,7.3
West Virginia,Roane,54087,10.7
West Virginia,Summers,54089,8.6
West Virginia,Taylor,54091,7.2
West Virginia,Tucker,54093,9.6
West Virginia,Tyler,54095,9
West Virginia,Upshur,54097,7.5
West Virginia,Wayne,54099,8.2
West Virginia,Webster,54101,12.4
West Virginia,Wetzel,54103,10.5
West Virginia,Wirt,54105,10.6
West Virginia,Wood,54107,7.8
West Virginia,Wyoming,54109,9.5
Wisconsin,Adams,55001,9.6
Wisconsin,Ashland,55003,9.4
Wisconsin,Barron,55005,7.7
Wisconsin,Bayfield,55007,8.9
Wisconsin,Brown,55009,6.9
Wisconsin,Buffalo,55011,6.2
Wisconsin,Burnett,55013,7.9
Wisconsin,Calumet,55015,5.7
Wisconsin,Chippewa,55017,6.5
Wisconsin,Clark,55019,7
Wisconsin,Columbia,55021,6.8
Wisconsin,Crawford,55023,7.7
Wisconsin,Dane,55025,5.3
Wisconsin,Dodge,55027,7.8
Wisconsin,Door,55029,7.8
Wisconsin,Douglas,55031,7
Wisconsin,Dunn,55033,6.8
Wisconsin,Eau Claire,55035,6.8
Wisconsin,Florence,55037,6.7
Wisconsin,Fond Du Lac,55039,7.2
Wisconsin,Forest,55041,9.7
Wisconsin,Grant,55043,6.5
Wisconsin,Green,55045,6.9
Wisconsin,Green Lake,55047,7.5
Wisconsin,Iowa,55049,6
Wisconsin,Iron,55051,10.7
Wisconsin,Jackson,55053,7.6
Wisconsin,Jefferson,55055,7.8
Wisconsin,Juneau,55057,8.9
Wisconsin,Kenosha,55059,8.3
Wisconsin,Kewaunee,55061,6.5
Wisconsin,La Crosse,55063,6
Wisconsin,Lafayette,55065,5.9
Wisconsin,Langlade,55067,9.1
Wisconsin,Lincoln,55069,9.6
Wisconsin,Manitowoc,55071,7.8
Wisconsin,Marathon,55073,7.7
Wisconsin,Marinette,55075,8.3
Wisconsin,Marquette,55077,8.5
Wisconsin,Menominee,55078,18.6
Wisconsin,Milwaukee,55079,9.1
Wisconsin,Monroe,55081,6.8
Wisconsin,Oconto,55083,7.7
Wisconsin,Oneida,55085,8.3
Wisconsin,Outagamie,55087,7.1
Wisconsin,Ozaukee,55089,6.3
Wisconsin,Pepin,55091,5.8
Wisconsin,Pierce,55093,5.6
Wisconsin,Polk,55095,8.1
Wisconsin,Portage,55097,7.4
Wisconsin,Price,55099,7.2
Wisconsin,Racine,55101,9
Wisconsin,Richland,55103,6.2
Wisconsin,Rock,55105,9
Wisconsin,Rusk,55107,9.3
Wisconsin,St Croix,55109,5.7
Wisconsin,Sauk,55111,6.8
Wisconsin,Sawyer,55113,8.9
Wisconsin,Shawano,55115,8
Wisconsin,Sheboygan,55117,7.1
Wisconsin,Taylor,55119,7.8
Wisconsin,Trempealeau,55121,5.6
Wisconsin,Vernon,55123,6.5
Wisconsin,Vilas,55125,8.3
Wisconsin,Walworth,55127,7.7
Wisconsin,Washburn,55129,7.9
Wisconsin,Washington,55131,6.9
Wisconsin,Waukesha,55133,6.7
Wisconsin,Waupaca,55135,7.8
Wisconsin,Waushara,55137,8.4
Wisconsin,Winnebago,55139,7.1
Wisconsin,Wood,55141,7.8
Wyoming,Albany,56001,5.2
Wyoming,Big Horn,56003,6.3
Wyoming,Campbell,56005,4.7
Wyoming,Carbon,56007,5.6
Wyoming,Converse,56009,4.4
Wyoming,Crook,56011,5.1
Wyoming,Fremont,56013,6.7
Wyoming,Goshen,56015,6.1
Wyoming,Hot Springs,56017,4.7
Wyoming,Johnson,56019,5.9
Wyoming,Laramie,56021,6.3
Wyoming,Lincoln,56023,7.2
Wyoming,Natrona,56025,5.1
Wyoming,Niobrara,56027,4.7
Wyoming,Park,56029,5.2
Wyoming,Platte,56031,6.1
Wyoming,Sheridan,56033,6.2
Wyoming,Sublette,56035,3.9
Wyoming,Sweetwater,56037,4.9
Wyoming,Teton,56039,5
Wyoming,Uinta,56041,5.3
Wyoming,Washakie,56043,5.3
Wyoming,Weston,56045,5.4
